Date,Cases_Mean,Cases_LB,Cases_UB,Deaths_Mean,Deaths_LB,Deaths_UB,hospitalized_best,hospitalized_mean,hospitalized_worst,ICU_best,ICU_mean,ICU_worst,total_beds,regular_bed_supply_best,regular_bed_supply_mean,regular_bed_supply_worst,total_ICU_beds,ICU_bed_supply_best,ICU_bed_supply_mean,ICU_bed_supply_worst,patient_vent_lb,patient_vent_mean,patient_vent_ub,total_vents,open_vents_lb,open_vents_mean,open_vents_ub,med_tech,med_tech_active,med_tech_supply,med_tech_demand,nurse,nurse_active,nurse_supply,nurse_demand,phys,phys_active,phys_supply,phys_demand,resp,resp_active,resp_supply,resp_demand
2020-01-22,0,0,0,0,0,0,0,0,0,0,0,0,9024.4,9024.4,9024.4,9024.4,1085,1085,1085,1085,0,0,0,2325,2325,2325,2325,0,,,,0,,,,10703,3820.971,,0,0,,,
2020-01-23,0,0,0,0,0,0,0,0,0,0,0,0,9024.4,9024.4,9024.4,9024.4,1085,1085,1085,1085,0,0,0,2325,2325,2325,2325,0,,,,0,,,,10703,3820.971,,0,0,,,
2020-01-24,0,0,0,0,0,0,0,0,0,0,0,0,9024.4,9024.4,9024.4,9024.4,1085,1085,1085,1085,0,0,0,2325,2325,2325,2325,0,,,,0,,,,10703,3820.971,,0,0,,,
2020-01-25,0,0,0,0,0,0,0,0,0,0,0,0,9024.4,9024.4,9024.4,9024.4,1085,1085,1085,1085,0,0,0,2325,2325,2325,2325,0,,,,0,,,,10703,3820.971,,0,0,,,
2020-01-26,0,0,0,0,0,0,0,0,0,0,0,0,9024.4,9024.4,9024.4,9024.4,1085,1085,1085,1085,0,0,0,2325,2325,2325,2325,0,,,,0,,,,10703,3820.971,,0,0,,,
2020-01-27,0,0,0,0,0,0,0,0,0,0,0,0,9024.4,9024.4,9024.4,9024.4,1085,1085,1085,1085,0,0,0,2325,2325,2325,2325,0,,,,0,,,,10703,3820.971,,0,0,,,
2020-01-28,0,0,0,0,0,0,0,0,0,0,0,0,9024.4,9024.4,9024.4,9024.4,1085,1085,1085,1085,0,0,0,2325,2325,2325,2325,0,,,,0,,,,10703,3820.971,,0,0,,,
2020-01-29,0,0,0,0,0,0,0,0,0,0,0,0,9024.4,9024.4,9024.4,9024.4,1085,1085,1085,1085,0,0,0,2325,2325,2325,2325,0,,,,0,,,,10703,3820.971,,0,0,,,
2020-01-30,0,0,0,0,0,0,0,0,0,0,0,0,9024.4,9024.4,9024.4,9024.4,1085,1085,1085,1085,0,0,0,2325,2325,2325,2325,0,,,,0,,,,10703,3820.971,,0,0,,,
2020-01-31,0,0,0,0,0,0,0,0,0,0,0,0,9024.4,9024.4,9024.4,9024.4,1085,1085,1085,1085,0,0,0,2325,2325,2325,2325,0,,,,0,,,,10703,3820.971,,0,0,,,
2020-02-01,0,0,0,0,0,0,0,0,0,0,0,0,9024.4,9024.4,9024.4,9024.4,1085,1085,1085,1085,0,0,0,2325,2325,2325,2325,0,,,,0,,,,10703,3820.971,,0,0,,,
2020-02-02,0,0,0,0,0,0,0,0,0,0,0,0,9024.4,9024.4,9024.4,9024.4,1085,1085,1085,1085,0,0,0,2325,2325,2325,2325,0,,,,0,,,,10703,3820.971,,0,0,,,
2020-02-03,0,0,0,0,0,0,0,0,0,0,0,0,9024.4,9024.4,9024.4,9024.4,1085,1085,1085,1085,0,0,0,2325,2325,2325,2325,0,,,,0,,,,10703,3820.971,,0,0,,,
2020-02-04,0,0,0,0,0,0,0,0,0,0,0,0,9024.4,9024.4,9024.4,9024.4,1085,1085,1085,1085,0,0,0,2325,2325,2325,2325,0,,,,0,,,,10703,3820.971,,0,0,,,
2020-02-05,0,0,0,0,0,0,0,0,0,0,0,0,9024.4,9024.4,9024.4,9024.4,1085,1085,1085,1085,0,0,0,2325,2325,2325,2325,0,,,,0,,,,10703,3820.971,,0,0,,,
2020-02-06,0,0,0,0,0,0,0,0,0,0,0,0,9024.4,9024.4,9024.4,9024.4,1085,1085,1085,1085,0,0,0,2325,2325,2325,2325,0,,,,0,,,,10703,3820.971,,0,0,,,
2020-02-07,0,0,0,0,0,0,0,0,0,0,0,0,9024.4,9024.4,9024.4,9024.4,1085,1085,1085,1085,0,0,0,2325,2325,2325,2325,0,,,,0,,,,10703,3820.971,,0,0,,,
2020-02-08,0,0,0,0,0,0,0,0,0,0,0,0,9024.4,9024.4,9024.4,9024.4,1085,1085,1085,1085,0,0,0,2325,2325,2325,2325,0,,,,0,,,,10703,3820.971,,0,0,,,
2020-02-09,0,0,0,0,0,0,0,0,0,0,0,0,9024.4,9024.4,9024.4,9024.4,1085,1085,1085,1085,0,0,0,2325,2325,2325,2325,0,,,,0,,,,10703,3820.971,,0,0,,,
2020-02-10,0,0,0,0,0,0,0,0,0,0,0,0,9024.4,9024.4,9024.4,9024.4,1085,1085,1085,1085,0,0,0,2325,2325,2325,2325,0,,,,0,,,,10703,3820.971,,0,0,,,
2020-02-11,0,0,0,0,0,0,0,0,0,0,0,0,9024.4,9024.4,9024.4,9024.4,1085,1085,1085,1085,0,0,0,2325,2325,2325,2325,0,,,,0,,,,10703,3820.971,,0,0,,,
2020-02-12,0,0,0,0,0,0,0,0,0,0,0,0,9024.4,9024.4,9024.4,9024.4,1085,1085,1085,1085,0,0,0,2325,2325,2325,2325,0,,,,0,,,,10703,3820.971,,0,0,,,
2020-02-13,0,0,0,0,0,0,0,0,0,0,0,0,9024.4,9024.4,9024.4,9024.4,1085,1085,1085,1085,0,0,0,2325,2325,2325,2325,0,,,,0,,,,10703,3820.971,,0,0,,,
2020-02-14,0,0,0,0,0,0,0,0,0,0,0,0,9024.4,9024.4,9024.4,9024.4,1085,1085,1085,1085,0,0,0,2325,2325,2325,2325,0,,,,0,,,,10703,3820.971,,0,0,,,
2020-02-15,0,0,0,0,0,0,0,0,0,0,0,0,9024.4,9024.4,9024.4,9024.4,1085,1085,1085,1085,0,0,0,2325,2325,2325,2325,0,,,,0,,,,10703,3820.971,,0,0,,,
2020-02-16,0,0,0,0,0,0,0,0,0,0,0,0,9024.4,9024.4,9024.4,9024.4,1085,1085,1085,1085,0,0,0,2325,2325,2325,2325,0,,,,0,,,,10703,3820.971,,0,0,,,
2020-02-17,0,0,0,0,0,0,0,0,0,0,0,0,9024.4,9024.4,9024.4,9024.4,1085,1085,1085,1085,0,0,0,2325,2325,2325,2325,0,,,,0,,,,10703,3820.971,,0,0,,,
2020-02-18,0,0,0,0,0,0,0,0,0,0,0,0,9024.4,9024.4,9024.4,9024.4,1085,1085,1085,1085,0,0,0,2325,2325,2325,2325,0,,,,0,,,,10703,3820.971,,0,0,,,
2020-02-19,0,0,0,0,0,0,0,0,0,0,0,0,9024.4,9024.4,9024.4,9024.4,1085,1085,1085,1085,0,0,0,2325,2325,2325,2325,0,,,,0,,,,10703,3820.971,,0,0,,,
2020-02-20,0,0,0,0,0,0,0,0,0,0,0,0,9024.4,9024.4,9024.4,9024.4,1085,1085,1085,1085,0,0,0,2325,2325,2325,2325,0,,,,0,,,,10703,3820.971,,0,0,,,
2020-02-21,0,0,0,0,0,0,0,0,0,0,0,0,9024.4,9024.4,9024.4,9024.4,1085,1085,1085,1085,0,0,0,2325,2325,2325,2325,0,,,,0,,,,10703,3820.971,,0,0,,,
2020-02-22,0,0,0,0,0,0,0,0,0,0,0,0,9024.4,9024.4,9024.4,9024.4,1085,1085,1085,1085,0,0,0,2325,2325,2325,2325,0,,,,0,,,,10703,3820.971,,0,0,,,
2020-02-23,0,0,0,0,0,0,0,0,0,0,0,0,9024.4,9024.4,9024.4,9024.4,1085,1085,1085,1085,0,0,0,2325,2325,2325,2325,0,,,,0,,,,10703,3820.971,,0,0,,,
2020-02-24,0,0,0,0,0,0,0,0,0,0,0,0,9024.4,9024.4,9024.4,9024.4,1085,1085,1085,1085,0,0,0,2325,2325,2325,2325,0,,,,0,,,,10703,3820.971,,0,0,,,
2020-02-25,0,0,1,0,0,0,0,0,0,0,0,0,9024.4,9024.4,9024.4,9024.4,1085,1085,1085,1085,0,0,0,2325,2325,2325,2325,0,,,,0,,,,10703,3820.971,,0,0,,,
2020-02-26,1,0,1,0,0,0,0.21,0.26,0.31,0.05,0.085,0.12,9024.4,9024.19,9024.14,9024.09,1085,1084.95,1084.915,1084.88,0.0136,0.0391,0.0595,2325,2324.9864,2324.9609,2324.9405,0,,,,0,,,,10703,3820.971,,1,0,,,
2020-02-27,1,1,1,0,0,0,0.21,0.26,0.31,0.05,0.085,0.12,9024.4,9024.19,9024.14,9024.09,1085,1084.95,1084.915,1084.88,0.0136,0.0391,0.0595,2325,2324.9864,2324.9609,2324.9405,0,,,,0,,,,10703,3820.971,,1,0,,,
2020-02-28,1,1,1,0,0,0,0.21,0.26,0.31,0.05,0.085,0.12,9024.4,9024.19,9024.14,9024.09,1085,1084.95,1084.915,1084.88,0.0136,0.0391,0.0595,2325,2324.9864,2324.9609,2324.9405,0,,,,0,,,,10703,3820.971,,1,0,,,
2020-02-29,1,1,2,0,0,0,0.21,0.26,0.31,0.05,0.085,0.12,9024.4,9024.19,9024.14,9024.09,1085,1084.95,1084.915,1084.88,0.0136,0.0391,0.0595,2325,2324.9864,2324.9609,2324.9405,0,,,,0,,,,10703,3820.971,,1,0,,,
2020-03-01,2,1,2,0,0,0,0.42,0.52,0.62,0.1,0.17,0.24,9024.4,9023.98,9023.88,9023.78,1085,1084.9,1084.83,1084.76,0.0272,0.0782,0.119,2325,2324.9728,2324.9218,2324.881,0,,,,0,,,,10703,3820.971,,1,0,,,
2020-03-02,2,2,3,0,0,0,0.42,0.52,0.62,0.1,0.17,0.24,9024.4,9023.98,9023.88,9023.78,1085,1084.9,1084.83,1084.76,0.0272,0.0782,0.119,2325,2324.9728,2324.9218,2324.881,0,,,,0,,,,10703,3820.971,,1,0,,,
2020-03-03,3,2,4,0,0,0,0.63,0.78,0.93,0.15,0.255,0.36,9024.4,9023.77,9023.62,9023.47,1085,1084.85,1084.745,1084.64,0.0408,0.1173,0.1785,2325,2324.9592,2324.8827,2324.8215,0,,,,0,,,,10703,3820.971,,1,0,,,
2020-03-04,4,3,5,0,0,0,0.84,1.04,1.24,0.2,0.34,0.48,9024.4,9023.56,9023.36,9023.16,1085,1084.8,1084.66,1084.52,0.0544,0.1564,0.238,2325,2324.9456,2324.8436,2324.762,0,,,,0,,,,10703,3820.971,,1,0,,,
2020-03-05,6,4,7,0,0,0,1.26,1.56,1.86,0.3,0.51,0.72,9024.4,9023.14,9022.84,9022.54,1085,1084.7,1084.49,1084.28,0.0816,0.2346,0.357,2325,2324.9184,2324.7654,2324.643,0,,,,0,,,,10703,3820.971,,1,0,,,
2020-03-06,7,6,9,0,0,0,1.47,1.82,2.17,0.35,0.595,0.84,9024.4,9022.93,9022.58,9022.23,1085,1084.65,1084.405,1084.16,0.0952,0.2737,0.4165,2325,2324.9048,2324.7263,2324.5835,0,,,,0,,,,10703,3820.971,,1,0,,,
2020-03-07,10,7,12,0,0,0,2.1,2.6,3.1,0.5,0.85,1.2,9024.4,9022.3,9021.8,9021.3,1085,1084.5,1084.15,1083.8,0.136,0.391,0.595,2325,2324.864,2324.609,2324.405,0,,,,0,,,,10703,3820.971,,1,0,,,
2020-03-08,13,10,16,0,0,0,2.73,3.38,4.03,0.65,1.105,1.56,9024.4,9021.67,9021.02,9020.37,1085,1084.35,1083.895,1083.44,0.1768,0.5083,0.7735,2325,2324.8232,2324.4917,2324.2265,0,,,,0,,,,10703,3820.971,,1,0,,,
2020-03-09,17,13,21,0,0,0,3.57,4.42,5.27,0.85,1.445,2.04,9024.4,9020.83,9019.98,9019.13,1085,1084.15,1083.555,1082.96,0.2312,0.6647,1.0115,2325,2324.7688,2324.3353,2323.9885,0,,,,0,,,,10703,3820.971,,1,0,,,
2020-03-10,22,17,28,0,0,0,4.62,5.72,6.82,1.1,1.87,2.64,9024.4,9019.78,9018.68,9017.58,1085,1083.9,1083.13,1082.36,0.2992,0.8602,1.309,2325,2324.7008,2324.1398,2323.691,0,,,,0,,,,10703,3820.971,,1,0,,,
2020-03-11,29,22,36,0,0,0,6.09,7.54,8.99,1.45,2.465,3.48,9024.4,9018.31,9016.86,9015.41,1085,1083.55,1082.535,1081.52,0.3944,1.1339,1.7255,2325,2324.6056,2323.8661,2323.2745,0,,,,0,,,,10703,3820.971,,1,0,,,
2020-03-12,38,29,48,0,0,1,7.98,9.88,11.78,1.9,3.23,4.56,9024.4,9016.42,9014.52,9012.62,1085,1083.1,1081.77,1080.44,0.5168,1.4858,2.261,2325,2324.4832,2323.5142,2322.739,0,,,,0,,,,10703,3820.971,,1,0,,,
2020-03-13,50,38,63,1,1,1,10.5,13,15.5,2.5,4.25,6,9024.4,9013.9,9011.4,9008.9,1085,1082.5,1080.75,1079,0.68,1.955,2.975,2325,2324.32,2323.045,2322.025,0,,,,0,,,,10703,3820.971,,1,0,,,
2020-03-14,65,50,83,1,1,1,13.65,16.9,20.15,3.25,5.525,7.8,9024.4,9010.75,9007.5,9004.25,1085,1081.75,1079.475,1077.2,0.884,2.5415,3.8675,2325,2324.116,2322.4585,2321.1325,0,,,,0,,,,10703,3820.971,,1,0,,,
2020-03-15,86,66,109,1,1,1,18.06,22.36,26.66,4.3,7.31,10.32,9024.4,9006.34,9002.04,8997.74,1085,1080.7,1077.69,1074.68,1.1696,3.3626,5.117,2325,2323.8304,2321.6374,2319.883,0,,,,0,,,,10703,3820.971,,2,0,,,
2020-03-16,113,87,144,1,1,1,23.73,29.38,35.03,5.65,9.605,13.56,9024.4,9000.67,8995.02,8989.37,1085,1079.35,1075.395,1071.44,1.5368,4.4183,6.7235,2325,2323.4632,2320.5817,2318.2765,0,,,,0,,,,10703,3820.971,,2,0,,,
2020-03-17,149,114,190,2,2,2,31.29,38.74,46.19,7.45,12.665,17.88,9024.4,8993.11,8985.66,8978.21,1085,1077.55,1072.335,1067.12,2.0264,5.8259,8.8655,2325,2322.9736,2319.1741,2316.1345,0,,,,0,,,,10703,3820.971,,2,0,,,
2020-03-18,196,150,251,2,2,3,41.16,50.96,60.76,9.8,16.66,23.52,9024.4,8983.24,8973.44,8963.64,1085,1075.2,1068.34,1061.48,2.6656,7.6636,11.662,2325,2322.3344,2317.3364,2313.338,0,,,,0,,,,10703,3820.971,,3,0,,,
2020-03-19,257,196,330,3,3,3,53.97,66.82,79.67,12.85,21.845,30.84,9024.4,8970.43,8957.58,8944.73,1085,1072.15,1063.155,1054.16,3.4952,10.0487,15.2915,2325,2321.5048,2314.9513,2309.7085,0,,,,0,,,,10703,3820.971,,4,0,,,
2020-03-20,339,256,435,4,4,4,71.19,88.14,105.09,16.95,28.815,40.68,9024.4,8953.21,8936.26,8919.31,1085,1068.05,1056.185,1044.32,4.6104,13.2549,20.1705,2325,2320.3896,2311.7451,2304.8295,0,,,,0,,,,10703,3820.971,,5,0,,,
2020-03-21,445,335,575,5,5,6,93.45,115.7,137.95,22.25,37.825,53.4,9024.4,8930.95,8908.7,8886.45,1085,1062.75,1047.175,1031.6,6.052,17.3995,26.4775,2325,2318.948,2307.6005,2298.5225,0,,,,0,,,,10703,3820.971,,6,0,,,
2020-03-22,586,439,759,7,6,8,123.06,152.36,181.66,29.3,49.81,70.32,9024.4,8901.34,8872.04,8842.74,1085,1055.7,1035.19,1014.68,7.9696,22.9126,34.867,2325,2317.0304,2302.0874,2290.133,0,,,,0,,,,10703,3820.971,,8,0,,,
2020-03-23,770,576,1001,9,8,10,161.7,200.2,238.7,38.5,65.45,92.4,9024.4,8862.7,8824.2,8785.7,1085,1046.5,1019.55,992.6,10.472,30.107,45.815,2325,2314.528,2294.893,2279.185,0,,,,0,,,,10703,3820.971,,10,0,,,
2020-03-24,1013,755,1321,12,11,13,212.73,263.38,314.03,50.65,86.105,121.56,9024.4,8811.67,8761.02,8710.37,1085,1034.35,998.895,963.44,13.7768,39.6083,60.2735,2325,2311.2232,2285.3917,2264.7265,0,,,,0,,,,10703,3820.971,,13,0,,,
2020-03-25,1333,988,1745,16,14,17,279.93,346.58,413.23,66.65,113.305,159.96,9024.4,8744.47,8677.82,8611.17,1085,1018.35,971.695,925.04,18.1288,52.1203,79.3135,2325,2306.8712,2272.8797,2245.6865,0,,,,0,,,,10703,3820.971,,17,0,,,
2020-03-26,1753,1293,2302,20,18,23,368.13,455.78,543.43,87.65,149.005,210.36,9024.4,8656.27,8568.62,8480.97,1085,997.35,935.995,874.64,23.8408,68.5423,104.3035,2325,2301.1592,2256.4577,2220.6965,0,,,,0,,,,10703,3820.971,,23,0,,,
2020-03-27,2306,1689,3034,27,24,30,484.26,599.56,714.86,115.3,196.01,276.72,9024.4,8540.14,8424.84,8309.54,1085,969.7,888.99,808.28,31.3616,90.1646,137.207,2325,2293.6384,2234.8354,2187.793,0,,,,0,,,,10703,3820.971,,30,0,,,
2020-03-28,3033,2215,4004,35,31,40,636.93,788.58,940.23,151.65,257.805,363.96,9024.4,8387.47,8235.82,8084.17,1085,933.35,827.195,721.04,41.2488,118.5903,180.4635,2325,2283.7512,2206.4097,2144.5365,0,,,,0,,,,10703,3820.971,,39,0,,,
2020-03-29,3988,2901,5289,47,41,52,837.48,1036.88,1236.28,199.4,338.98,478.56,9024.4,8186.92,7987.52,7788.12,1085,885.6,746.02,606.44,54.2368,155.9308,237.286,2325,2270.7632,2169.0692,2087.714,0,,,,0,,,,10703,3820.971,,51,0,,,
2020-03-30,5244,3799,6976,61,54,69,1101.24,1363.44,1625.64,262.2,445.74,629.28,9024.4,7923.16,7660.96,7398.76,1085,822.8,639.26,455.72,71.3184,205.0404,312.018,2325,2253.6816,2119.9596,2012.982,0,,,,0,,,,10703,3820.971,,67,0,,,
2020-03-31,6894,4982,9197,80,71,91,1447.74,1792.44,2137.14,344.7,585.99,827.28,9024.4,7576.66,7231.96,6887.26,1085,740.3,499.01,257.72,93.7584,269.5554,410.193,2325,2231.2416,2055.4446,1914.807,0,,,,0,,,,10703,3820.971,,88,0,,,
2020-04-01,9061,6517,12131,106,93,119,1902.81,2355.86,2808.91,453.05,770.185,1087.32,9024.4,7121.59,6668.54,6215.49,1085,631.95,314.815,-2.32,123.2296,354.2851,539.1295,2325,2201.7704,1970.7149,1785.8705,0,,,,0,,,,10703,3820.971,,115,0,,,
2020-04-02,11907,8517,15993,139,121,157,2500.47,3095.82,3691.17,595.35,1012.095,1428.84,9024.4,6523.93,5928.58,5333.23,1085,489.65,72.905,-343.84,161.9352,465.5637,708.4665,2325,2163.0648,1859.4363,1616.5335,0,,,,0,,,,10703,3820.971,,151,0,,,
2020-04-03,15640,11117,21096,183,158,208,3284.4,4066.4,4848.4,782,1329.4,1876.8,9024.4,5740,4958,4176,1085,303,-244.4,-791.8,212.704,611.524,930.58,2325,2112.296,1713.476,1394.42,0,,,,0,,,,10703,3820.971,,199,0,,,
2020-04-04,20532,14454,27779,240,206,275,4311.72,5338.32,6364.92,1026.6,1745.22,2463.84,9024.4,4712.68,3686.08,2659.48,1085,58.4,-660.22,-1378.84,279.2352,802.8012,1221.654,2325,2045.7648,1522.1988,1103.346,0,,,,0,,,,10703,3820.971,,261,0,,,
2020-04-05,26938,18792,36505,315,270,362,5656.98,7003.88,8350.78,1346.9,2289.73,3232.56,9024.4,3367.42,2020.52,673.62,1085,-261.9,-1204.73,-2147.56,366.3568,1053.2758,1602.811,2325,1958.6432,1271.7242,722.189,0,,,,0,,,,10703,3820.971,,342,0,,,
2020-04-06,35311,24429,47958,414,352,478,7415.31,9180.86,10946.41,1765.55,3001.435,4237.32,9024.4,1609.09,-156.46,-1922.01,1085,-680.55,-1916.435,-3152.32,480.2296,1380.6601,2101.0045,2325,1844.7704,944.3399,223.9955,0,,,,0,,,,10703,3820.971,,448,0,,,
2020-04-07,46232,31736,62906,543,460,631,9708.72,12020.32,14331.92,2311.6,3929.72,5547.84,9024.4,-684.32,-2995.92,-5307.52,1085,-1226.6,-2844.72,-4462.84,628.7552,1807.6712,2750.804,2325,1696.2448,517.3288,-425.804,0,,,,0,,,,10703,3820.971,,586,0,,,
2020-04-08,60440,41241,82271,712,599,828,12692.4,15714.4,18736.4,3022,5137.4,7252.8,9024.4,-3668,-6690,-9712,1085,-1937,-4052.4,-6167.8,821.984,2363.204,3596.18,2325,1503.016,-38.204,-1271.18,0,,,,0,,,,10703,3820.971,,766,0,,,
2020-04-09,78860,53439,107486,933,781,1087,16560.6,20503.6,24446.6,3943,6703.1,9463.2,9024.4,-7536.2,-11479.2,-15422.2,1085,-2858,-5618.1,-8378.2,1072.496,3083.426,4692.17,2325,1252.504,-758.426,-2367.17,0,,,,0,,,,10703,3820.971,,999,0,,,
2020-04-10,102632,69478,139968,1221,1018,1429,21552.72,26684.32,31815.92,5131.6,8723.72,12315.84,9024.4,-12528.32,-17659.92,-22791.52,1085,-4046.6,-7638.72,-11230.84,1395.7952,4012.9112,6106.604,2325,929.2048,-1687.9112,-3781.604,0,,,,0,,,,10703,3820.971,,1301,0,,,
2020-04-11,133135,90165,181833,1595,1324,1874,27958.35,34615.1,41271.85,6656.75,11316.475,15976.2,9024.4,-18933.95,-25590.7,-32247.45,1085,-5571.75,-10231.475,-14891.2,1810.636,5205.5785,7921.5325,2325,514.364,-2880.5785,-5596.5325,0,,,,0,,,,10703,3820.971,,1687,0,,,
2020-04-12,171986,116335,234451,2079,1719,2445,36117.06,44716.36,53315.66,8599.3,14618.81,20638.32,9024.4,-27092.66,-35691.96,-44291.26,1085,-7514.3,-13533.81,-19553.32,2339.0096,6724.6526,10233.167,2325,-14.0096,-4399.6526,-7908.167,0,,,,0,,,,10703,3820.971,,2179,0,,,
2020-04-13,221012,149958,300634,2702,2223,3184,46412.52,57463.12,68513.72,11050.6,18786.02,26521.44,9024.4,-37388.12,-48438.72,-59489.32,1085,-9965.6,-17701.02,-25436.44,3005.7632,8641.5692,13150.214,2325,-680.7632,-6316.5692,-10825.214,0,,,,0,,,,10703,3820.971,,2800,0,,,
2020-04-14,282163,192575,380948,3501,2869,4125,59254.23,73362.38,87470.53,14108.15,23983.855,33859.56,9024.4,-50229.83,-64337.98,-78446.13,1085,-13023.15,-22898.855,-32774.56,3837.4168,11032.5733,16788.6985,2325,-1512.4168,-8707.5733,-14463.6985,0,,,,0,,,,10703,3820.971,,3575,0,,,
2020-04-15,357353,246196,477060,4518,3696,5329,75044.13,92911.78,110779.43,17867.65,30375.005,42882.36,9024.4,-66019.73,-83887.38,-101755.03,1085,-16782.65,-29290.005,-41797.36,4860.0008,13972.5023,21262.5035,2325,-2535.0008,-11647.5023,-18937.5035,0,,,,0,,,,10703,3820.971,,4527,0,,,
2020-04-16,448226,312523,594707,5800,4750,6846,94127.46,116538.76,138950.06,22411.3,38099.21,53787.12,9024.4,-85103.06,-107514.36,-129925.66,1085,-21326.3,-37014.21,-52702.12,6095.8736,17525.6366,26669.447,2325,-3770.8736,-15200.6366,-24344.447,0,,,,0,,,,10703,3820.971,,5678,0,,,
2020-04-17,555838,393834,729856,7400,6070,8683,116725.98,144517.88,172309.78,27791.9,47246.23,66700.56,9024.4,-107701.58,-135493.48,-163285.38,1085,-26706.9,-46161.23,-65615.56,7559.3968,21733.2658,33072.361,2325,-5234.3968,-19408.2658,-30747.361,0,,,,0,,,,10703,3820.971,,7041,0,,,
2020-04-18,680307,491598,880335,9374,7712,10906,142864.47,176879.82,210895.17,34015.35,57826.095,81636.84,9024.4,-133840.07,-167855.42,-201870.77,1085,-32930.35,-56741.095,-80551.84,9252.1752,26600.0037,40478.2665,2325,-6927.1752,-24275.0037,-38153.2665,0,,,,0,,,,10703,3820.971,,8618,0,,,
2020-04-19,820519,606575,1044284,11773,9764,13719,172308.99,213334.94,254360.89,41025.95,69744.115,98462.28,9024.4,-163284.59,-204310.54,-245336.49,1085,-39940.95,-68659.115,-97377.28,11159.0584,32082.2929,48820.8805,2325,-8834.0584,-29757.2929,-46495.8805,0,,,,0,,,,10703,3820.971,,10394,0,,,
2020-04-20,973975,738875,1218739,14648,12244,16892,204534.75,253233.5,301932.25,48698.75,82787.875,116877,9024.4,-195510.35,-244209.1,-292907.85,1085,-47613.75,-81702.875,-115792,13246.06,38082.4225,57951.5125,2325,-10921.06,-35757.4225,-55626.5125,0,,,,0,,,,10703,3820.971,,12338,0,,,
2020-04-21,1136880,876022,1420267,18035,15280,20665,238744.8,295588.8,352432.8,56844,96634.8,136425.6,9024.4,-229720.4,-286564.4,-343408.4,1085,-55759,-95549.8,-135340.6,15461.568,44452.008,67644.36,2325,-13136.568,-42127.008,-65319.36,0,,,,0,,,,10703,3820.971,,14401,0,,,
2020-04-22,1304495,1024874,1630767,21960,18858,25137,273943.95,339168.7,404393.45,65224.75,110882.075,156539.4,9024.4,-264919.55,-330144.3,-395369.05,1085,-64139.75,-109797.075,-155454.4,17741.132,51005.7545,77617.4525,2325,-15416.132,-48680.7545,-75292.4525,0,,,,0,,,,10703,3820.971,,16524,0,,,
2020-04-23,1471689,1178398,1842722,26431,22958,30258,309054.69,382639.14,456223.59,73584.45,125093.565,176602.68,9024.4,-300030.29,-373614.74,-447199.19,1085,-72499.45,-124008.565,-175517.68,20014.9704,57543.0399,87565.4955,2325,-17689.9704,-55218.0399,-85240.4955,0,,,,0,,,,10703,3820.971,,18642,0,,,
2020-04-24,1633557,1332890,2050292,31439,27213,36200,343046.97,424724.82,506402.67,81677.85,138852.345,196026.84,9024.4,-334022.57,-415700.42,-497378.27,1085,-80592.85,-137767.345,-194941.84,22216.3752,63872.0787,97196.6415,2325,-19891.3752,-61547.0787,-94871.6415,0,,,,0,,,,10703,3820.971,,20692,0,,,
2020-04-25,1785936,1454010,2243442,36963,31965,42852,375046.56,464343.36,553640.16,89296.8,151804.56,214312.32,9024.4,-366022.16,-455318.96,-544615.76,1085,-88211.8,-150719.56,-213227.32,24288.7296,69830.0976,106263.192,2325,-21963.7296,-67505.0976,-103938.192,0,,,,0,,,,10703,3820.971,,22622,0,,,
2020-04-26,1925725,1553311,2416679,42965,36634,50083,404402.25,500688.5,596974.75,96286.25,163686.625,231087,9024.4,-395377.85,-491664.1,-587950.35,1085,-95201.25,-162601.625,-230002,26189.86,75295.8475,114580.6375,2325,-23864.86,-72970.8475,-112255.6375,0,,,,0,,,,10703,3820.971,,24393,0,,,
2020-04-27,2050963,1626211,2584455,49403,41563,57948,430702.23,533250.38,635798.53,102548.15,174331.855,246115.56,9024.4,-421677.83,-524225.98,-626774.13,1085,-101463.15,-173246.855,-245030.56,27893.0968,80192.6533,122032.2985,2325,-25568.0968,-77867.6533,-119707.2985,0,,,,0,,,,10703,3820.971,,25979,0,,,
2020-04-28,2160720,1676230,2731048,56226,46414,66497,453751.2,561787.2,669823.2,108036,183661.2,259286.4,9024.4,-444726.8,-552762.8,-660798.8,1085,-106951,-182576.2,-258201.4,29385.792,84484.152,128562.84,2325,-27060.792,-82159.152,-126237.84,0,,,,0,,,,10703,3820.971,,27370,0,,,
2020-04-29,2254890,1704968,2850461,63386,51443,75301,473526.9,586271.4,699015.9,112744.5,191665.65,270586.8,9024.4,-464502.5,-577247,-689991.5,1085,-111659.5,-190580.65,-269501.8,30666.504,88166.199,134165.955,2325,-28341.504,-85841.199,-131840.955,0,,,,0,,,,10703,3820.971,,28562,0,,,
2020-04-30,2333941,1716687,2962417,70831,56398,84940,490127.61,606824.66,723521.71,116697.05,198384.985,280072.92,9024.4,-481103.21,-597800.26,-714497.31,1085,-115612.05,-197299.985,-278987.92,31741.5976,91257.0931,138869.4895,2325,-29416.5976,-88932.0931,-136544.4895,0,,,,0,,,,10703,3820.971,,29564,0,,,
2020-05-01,2398705,1712493,3055644,78513,61650,94728,503728.05,623663.3,743598.55,119935.25,203889.925,287844.6,9024.4,-494703.65,-614638.9,-734574.15,1085,-118850.25,-202804.925,-286759.6,32622.388,93789.3655,142722.9475,2325,-30297.388,-91464.3655,-140397.9475,0,,,,0,,,,10703,3820.971,,30384,0,,,
2020-05-02,2450210,1685663,3139177,86387,66620,104986,514544.1,637054.6,759565.1,122510.5,208267.85,294025.2,9024.4,-505519.7,-628030.2,-750540.7,1085,-121425.5,-207182.85,-292940.2,33322.856,95803.211,145787.495,2325,-30997.856,-93478.211,-143462.495,0,,,,0,,,,10703,3820.971,,31036,0,,,
2020-05-03,2489560,1650209,3204995,94411,71627,115721,522807.6,647285.6,771763.6,124478,211612.6,298747.2,9024.4,-513783.2,-638261.2,-762739.2,1085,-123393,-210527.6,-297662.2,33858.016,97341.796,148128.82,2325,-31533.016,-95016.796,-145803.82,0,,,,0,,,,10703,3820.971,,31535,0,,,
2020-05-04,2517860,1607819,3255654,102547,75985,126617,528750.6,654643.6,780536.6,125893,214018.1,302143.2,9024.4,-519726.2,-645619.2,-771512.2,1085,-124808,-212933.1,-301058.2,34242.896,98448.326,149812.67,2325,-31917.896,-96123.326,-147487.67,0,,,,0,,,,10703,3820.971,,31893,0,,,
2020-05-05,2536181,1559989,3295063,110761,80226,137701,532598.01,659407.06,786216.11,126809.05,215575.385,304341.72,9024.4,-523573.61,-650382.66,-777191.71,1085,-125724.05,-214490.385,-303256.72,34492.0616,99164.6771,150902.7695,2325,-32167.0616,-96839.6771,-148577.7695,0,,,,0,,,,10703,3820.971,,32125,0,,,
2020-05-06,2545530,1508023,3328273,119021,84362,149424,534561.3,661837.8,789114.3,127276.5,216370.05,305463.6,9024.4,-525536.9,-652813.4,-780089.9,1085,-126191.5,-215285.05,-304378.6,34619.208,99530.223,151459.035,2325,-32294.208,-97205.223,-149134.035,0,,,,0,,,,10703,3820.971,,32244,0,,,
2020-05-07,2546844,1453055,3346395,127300,88661,161141,534837.24,662179.44,789521.64,127342.2,216481.74,305621.28,9024.4,-525812.84,-653155.04,-780497.24,1085,-126257.2,-215396.74,-304536.28,34637.0784,99581.6004,151537.218,2325,-32312.0784,-97256.6004,-149212.218,0,,,,0,,,,10703,3820.971,,32261,0,,,
2020-05-08,2540989,1396149,3356091,135572,92495,172952,533607.69,660657.14,787706.59,127049.45,215984.065,304918.68,9024.4,-524583.29,-651632.74,-778682.19,1085,-125964.45,-214899.065,-303833.68,34557.4504,99352.6699,151188.8455,2325,-32232.4504,-97027.6699,-148863.8455,0,,,,0,,,,10703,3820.971,,32186,0,,,
2020-05-09,2528759,1338686,3358523,143816,96199,184712,531039.39,657477.34,783915.29,126437.95,214944.515,303451.08,9024.4,-522014.99,-648452.94,-774890.89,1085,-125352.95,-213859.515,-302366.08,34391.1224,98874.4769,150461.1605,2325,-32066.1224,-96549.4769,-148136.1605,0,,,,0,,,,10703,3820.971,,32031,0,,,
2020-05-10,2510880,1283139,3352953,152011,99808,196497,527284.8,652828.8,778372.8,125544,213424.8,301305.6,9024.4,-518260.4,-643804.4,-769348.4,1085,-124459,-212339.8,-300220.6,34147.968,98175.408,149397.36,2325,-31822.968,-95850.408,-147072.36,0,,,,0,,,,10703,3820.971,,31805,0,,,
2020-05-11,2488016,1229067,3336230,160141,103422,208173,522483.36,646884.16,771284.96,124400.8,211481.36,298561.92,9024.4,-513458.96,-637859.76,-762260.56,1085,-123315.8,-210396.36,-297476.92,33837.0176,97281.4256,148036.952,2325,-31512.0176,-94956.4256,-145711.952,0,,,,0,,,,10703,3820.971,,31515,0,,,
2020-05-12,2460772,1175218,3321244,168189,106882,219811,516762.12,639800.72,762839.32,123038.6,209165.62,295292.64,9024.4,-507737.72,-630776.32,-753814.92,1085,-121953.6,-208080.62,-294207.64,33466.4992,96216.1852,146415.934,2325,-31141.4992,-93891.1852,-144090.934,0,,,,0,,,,10703,3820.971,,31170,0,,,
2020-05-13,2429700,1121894,3300176,176143,110187,231752,510237,631722,753207,121485,206524.5,291564,9024.4,-501212.6,-622697.6,-744182.6,1085,-120400,-205439.5,-290479,33043.92,95001.27,144567.15,2325,-30718.92,-92676.27,-142242.15,0,,,,0,,,,10703,3820.971,,30777,0,,,
2020-05-14,2395301,1069459,3273053,183990,113340,243381,503013.21,622778.26,742543.31,119765.05,203600.585,287436.12,9024.4,-493988.81,-613753.86,-733518.91,1085,-118680.05,-202515.585,-286351.12,32576.0936,93656.2691,142520.4095,2325,-30251.0936,-91331.2691,-140195.4095,0,,,,0,,,,10703,3820.971,,30341,0,,,
2020-05-15,2358031,1018088,3244389,191720,116344,254981,495186.51,613088.06,730989.61,117901.55,200432.635,282963.72,9024.4,-486162.11,-604063.66,-721965.21,1085,-116816.55,-199347.635,-281878.72,32069.2216,92199.0121,140302.8445,2325,-29744.2216,-89874.0121,-137977.8445,0,,,,0,,,,10703,3820.971,,29869,0,,,
2020-05-16,2318304,967990,3210846,199325,119184,266368,486843.84,602759.04,718674.24,115915.2,197055.84,278196.48,9024.4,-477819.44,-593734.64,-709649.84,1085,-114830.2,-195970.84,-277111.48,31528.9344,90645.6864,137939.088,2325,-29203.9344,-88320.6864,-135614.088,0,,,,0,,,,10703,3820.971,,29366,0,,,
2020-05-17,2276497,921553,3168404,206798,121722,277688,478064.37,591889.22,705714.07,113824.85,193502.245,273179.64,9024.4,-469039.97,-582864.82,-696689.67,1085,-112739.85,-192417.245,-272094.64,30960.3592,89011.0327,135451.5715,2325,-28635.3592,-86686.0327,-133126.5715,0,,,,0,,,,10703,3820.971,,28836,0,,,
2020-05-18,2232949,876711,3123354,214131,124126,288872,468919.29,580566.74,692214.19,111647.45,189800.665,267953.88,9024.4,-459894.89,-571542.34,-683189.79,1085,-110562.45,-188715.665,-266868.88,30368.1064,87308.3059,132860.4655,2325,-28043.1064,-84983.3059,-130535.4655,0,,,,0,,,,10703,3820.971,,28285,0,,,
2020-05-19,2187968,831998,3077677,221320,126401,299908,459473.28,568871.68,678270.08,109398.4,185977.28,262556.16,9024.4,-450448.88,-559847.28,-669245.68,1085,-108313.4,-184892.28,-261471.16,29756.3648,85549.5488,130184.096,2325,-27431.3648,-83224.5488,-127859.096,0,,,,0,,,,10703,3820.971,,27715,0,,,
2020-05-20,2141834,788596,3031038,228360,128551,310832,449785.14,556876.84,663968.54,107091.7,182055.89,257020.08,9024.4,-440760.74,-547852.44,-654944.14,1085,-106006.7,-180970.89,-255935.08,29128.9424,83745.7094,127439.123,2325,-26803.9424,-81420.7094,-125114.123,0,,,,0,,,,10703,3820.971,,27130,0,,,
2020-05-21,2094798,747786,2983787,235249,130583,321991,439907.58,544647.48,649387.38,104739.9,178057.83,251375.76,9024.4,-430883.18,-535623.08,-640362.98,1085,-103654.9,-176972.83,-250290.76,28489.2528,81906.6018,124640.481,2325,-26164.2528,-79581.6018,-122315.481,0,,,,0,,,,10703,3820.971,,26535,0,,,
2020-05-22,2047086,708156,2941503,241983,132500,332249,429888.06,532242.36,634596.66,102354.3,174002.31,245650.32,9024.4,-420863.66,-523217.96,-625572.26,1085,-101269.3,-172917.31,-244565.32,27840.3696,80041.0626,121801.617,2325,-25515.3696,-77716.0626,-119476.617,0,,,,0,,,,10703,3820.971,,25930,0,,,
2020-05-23,1998901,667754,2892456,248560,134422,342813,419769.21,519714.26,619659.31,99945.05,169906.585,239868.12,9024.4,-410744.81,-510689.86,-610634.91,1085,-98860.05,-168821.585,-238783.12,27185.0536,78157.0291,118934.6095,2325,-24860.0536,-75832.0291,-116609.6095,0,,,,0,,,,10703,3820.971,,25320,0,,,
2020-05-24,1950428,631554,2840182,254980,136052,353187,409589.88,507111.28,604632.68,97521.4,165786.38,234051.36,9024.4,-400565.48,-498086.88,-595608.28,1085,-96436.4,-164701.38,-232966.36,26525.8208,76261.7348,116050.466,2325,-24200.8208,-73936.7348,-113725.466,0,,,,0,,,,10703,3820.971,,24706,0,,,
2020-05-25,1901831,597044,2784451,261242,137711,363059,399384.51,494476.06,589567.61,95091.55,161655.635,228219.72,9024.4,-390360.11,-485451.66,-580543.21,1085,-94006.55,-160570.635,-227134.72,25864.9016,74361.5921,113158.9445,2325,-23539.9016,-72036.5921,-110833.9445,0,,,,0,,,,10703,3820.971,,24090,0,,,
2020-05-26,1853254,564111,2729914,267345,139314,372206,389183.34,481846.04,574508.74,92662.7,157526.59,222390.48,9024.4,-380158.94,-472821.64,-565484.34,1085,-91577.7,-156441.59,-221305.48,25204.2544,72462.2314,110268.613,2325,-22879.2544,-70137.2314,-107943.613,0,,,,0,,,,10703,3820.971,,23475,0,,,
2020-05-27,1804830,532723,2676880,273290,140825,381314,379014.3,469255.8,559497.3,90241.5,153410.55,216579.6,9024.4,-369989.9,-460231.4,-550472.9,1085,-89156.5,-152325.55,-215494.6,24545.688,70568.853,107387.385,2325,-22220.688,-68243.853,-105062.385,0,,,,0,,,,10703,3820.971,,22862,0,,,
2020-05-28,1756674,502842,2623294,279078,142247,391022,368901.54,456735.24,544568.94,87833.7,149317.29,210800.88,9024.4,-359877.14,-447710.84,-535544.54,1085,-86748.7,-148232.29,-209715.88,23890.7664,68685.9534,104522.103,2325,-21565.7664,-66360.9534,-102197.103,0,,,,0,,,,10703,3820.971,,22252,0,,,
2020-05-29,1708890,474992,2569319,284709,143562,400308,358866.9,444311.4,529755.9,85444.5,145255.65,205066.8,9024.4,-349842.5,-435287,-520731.5,1085,-84359.5,-144170.65,-203981.8,23240.904,66817.599,101678.955,2325,-20915.904,-64492.599,-99353.955,0,,,,0,,,,10703,3820.971,,21646,0,,,
2020-05-30,1661567,448263,2515102,290185,144789,409278,348929.07,432007.42,515085.77,83078.35,141233.195,199388.04,9024.4,-339904.67,-422983.02,-506061.37,1085,-81993.35,-140148.195,-198303.04,22597.3112,64967.2697,98863.2365,2325,-20272.3112,-62642.2697,-96538.2365,0,,,,0,,,,10703,3820.971,,21047,0,,,
2020-05-31,1614786,421427,2460779,295507,146009,418247,339105.06,419844.36,500583.66,80739.3,137256.81,193774.32,9024.4,-330080.66,-410819.96,-491559.26,1085,-79654.3,-136171.81,-192689.32,21961.0896,63138.1326,96079.767,2325,-19636.0896,-60813.1326,-93754.767,0,,,,0,,,,10703,3820.971,,20454,0,,,
2020-06-01,1568616,395572,2406471,300679,147133,426945,329409.36,407840.16,486270.96,78430.8,133332.36,188233.92,9024.4,-320384.96,-398815.76,-477246.56,1085,-77345.8,-132247.36,-187148.92,21333.1776,61332.8856,93332.652,2325,-19008.1776,-59007.8856,-91007.652,0,,,,0,,,,10703,3820.971,,19870,0,,,
2020-06-02,1523117,371152,2352289,305700,148177,435044,319854.57,396010.42,472166.27,76155.85,129464.945,182774.04,9024.4,-310830.17,-386986.02,-463141.87,1085,-75070.85,-128379.945,-181689.04,20714.3912,59553.8747,90625.4615,2325,-18389.3912,-57228.8747,-88300.4615,0,,,,0,,,,10703,3820.971,,19293,0,,,
2020-06-03,1478342,348113,2298332,310575,149180,443339,310451.82,384368.92,458286.02,73917.1,125659.07,177401.04,9024.4,-301427.42,-375344.52,-449261.62,1085,-72832.1,-124574.07,-176316.04,20105.4512,57803.1722,87961.349,2325,-17780.4512,-55478.1722,-85636.349,0,,,,0,,,,10703,3820.971,,18726,0,,,
2020-06-04,1434335,326413,2244691,315304,150159,451412,301210.35,372927.1,444643.85,71716.75,121918.475,172120.2,9024.4,-292185.95,-363902.7,-435619.45,1085,-70631.75,-120833.475,-171035.2,19506.956,56082.4985,85342.9325,2325,-17181.956,-53757.4985,-83017.9325,0,,,,0,,,,10703,3820.971,,18169,0,,,
2020-06-05,1391133,306595,2191447,319892,151081,459063,292137.93,361694.58,431251.23,69556.65,118246.305,166935.96,9024.4,-283113.53,-352670.18,-422226.83,1085,-68471.65,-117161.305,-165850.96,18919.4088,54393.3003,82772.4135,2325,-16594.4088,-52068.3003,-80447.4135,0,,,,0,,,,10703,3820.971,,17622,0,,,
2020-06-06,1348769,286932,2139081,324340,151875,466602,283241.49,350679.94,418118.39,67438.45,114645.365,161852.28,9024.4,-274217.09,-341655.54,-409093.99,1085,-66353.45,-113560.365,-160767.28,18343.2584,52736.8679,80251.7555,2325,-16018.2584,-50411.8679,-77926.7555,0,,,,0,,,,10703,3820.971,,17085,0,,,
2020-06-07,1307268,269632,2088470,328652,152593,473665,274526.28,339889.68,405253.08,65363.4,111117.78,156872.16,9024.4,-265501.88,-330865.28,-396228.68,1085,-64278.4,-110032.78,-155787.16,17778.8448,51114.1788,77782.446,2325,-15453.8448,-48789.1788,-75457.446,0,,,,0,,,,10703,3820.971,,16559,0,,,
2020-06-08,1266649,252786,2038382,332829,153267,480823,265996.29,329328.74,392661.19,63332.45,107665.165,151997.88,9024.4,-256971.89,-320304.34,-383636.79,1085,-62247.45,-106580.165,-150912.88,17226.4264,49525.9759,75365.6155,2325,-14901.4264,-47200.9759,-73040.6155,0,,,,0,,,,10703,3820.971,,16045,0,,,
2020-06-09,1226931,236389,1988848,336876,153898,487790,257655.51,319002.06,380348.61,61346.55,104289.135,147231.72,9024.4,-248631.11,-309977.66,-371324.21,1085,-60261.55,-103204.135,-146146.72,16686.2616,47973.0021,73002.3945,2325,-14361.2616,-45648.0021,-70677.3945,0,,,,0,,,,10703,3820.971,,15542,0,,,
2020-06-10,1188123,220994,1939933,340795,154498,494568,249505.83,308911.98,368318.13,59406.15,100990.455,142574.76,9024.4,-240481.43,-299887.58,-359293.73,1085,-58321.15,-99905.455,-141489.76,16158.4728,46455.6093,70693.3185,2325,-13833.4728,-44130.6093,-68368.3185,0,,,,0,,,,10703,3820.971,,15050,0,,,
2020-06-11,1150235,206549,1891679,344589,155081,501160,241549.35,299061.1,356572.85,57511.75,97769.975,138028.2,9024.4,-232524.95,-290036.7,-347548.45,1085,-56426.75,-96684.975,-136943.2,15643.196,44974.1885,68438.9825,2325,-13318.196,-42649.1885,-66113.9825,0,,,,0,,,,10703,3820.971,,14570,0,,,
2020-06-12,1113271,193623,1844117,348261,155627,507570,233786.91,289450.46,345114.01,55663.55,94628.035,133592.52,9024.4,-224762.51,-280426.06,-336089.61,1085,-54578.55,-93543.035,-132507.52,15140.4856,43528.8961,66239.6245,2325,-12815.4856,-41203.8961,-63914.6245,0,,,,0,,,,10703,3820.971,,14102,0,,,
2020-06-13,1077233,181798,1797280,351814,156138,513798,226218.93,280080.58,333942.23,53861.65,91564.805,129267.96,9024.4,-217194.53,-271056.18,-324917.83,1085,-52776.65,-90479.805,-128182.96,14650.3688,42119.8103,64095.3635,2325,-12325.3688,-39794.8103,-61770.3635,0,,,,0,,,,10703,3820.971,,13645,0,,,
2020-06-14,1042119,170677,1751191,355252,156617,519850,218844.99,270950.94,323056.89,52105.95,88580.115,125054.28,9024.4,-209820.59,-261926.54,-314032.49,1085,-51020.95,-87495.115,-123969.28,14172.8184,40746.8529,62006.0805,2325,-11847.8184,-38421.8529,-59681.0805,0,,,,0,,,,10703,3820.971,,13201,0,,,
2020-06-15,1007927,160213,1705872,358576,157065,525729,211664.67,262061.02,312457.37,50396.35,85673.795,120951.24,9024.4,-202640.27,-253036.62,-303432.97,1085,-49311.35,-84588.795,-119866.24,13707.8072,39409.9457,59971.6565,2325,-11382.8072,-37084.9457,-57646.6565,0,,,,0,,,,10703,3820.971,,12768,0,,,
2020-06-16,974650,150255,1660023,361791,157484,531438,204676.5,253409,302141.5,48732.5,82845.25,116958,9024.4,-195652.1,-244384.6,-293117.1,1085,-47647.5,-81760.25,-115873,13255.24,38108.815,57991.675,2325,-10930.24,-35783.815,-55666.675,0,,,,0,,,,10703,3820.971,,12346,0,,,
2020-06-17,942282,140793,1614973,364899,157876,536980,197879.22,244993.32,292107.42,47114.1,80093.97,113073.84,9024.4,-188854.82,-235968.92,-283083.02,1085,-46029.1,-79008.97,-111988.84,12815.0352,36843.2262,56065.779,2325,-10490.0352,-34518.2262,-53740.779,0,,,,0,,,,10703,3820.971,,11936,0,,,
2020-06-18,910814,132198,1570821,367902,158243,542357,191270.94,236811.64,282352.34,45540.7,77419.19,109297.68,9024.4,-182246.54,-227787.24,-273327.94,1085,-44455.7,-76334.19,-108212.68,12387.0704,35612.8274,54193.433,2325,-10062.0704,-33287.8274,-51868.433,0,,,,0,,,,10703,3820.971,,11537,0,,,
2020-06-19,880233,124069,1528031,370805,158586,547568,184848.93,228860.58,272872.23,44011.65,74819.805,105627.96,9024.4,-175824.53,-219836.18,-263847.83,1085,-42926.65,-73734.805,-104542.96,11971.1688,34417.1103,52373.8635,2325,-9646.1688,-32092.1103,-50048.8635,0,,,,0,,,,10703,3820.971,,11150,0,,,
2020-06-20,850530,116445,1486588,373610,158907,552623,178611.3,221137.8,263664.3,42526.5,72295.05,102063.6,9024.4,-169586.9,-212113.4,-254639.9,1085,-41441.5,-71210.05,-100978.6,11567.208,33255.723,50606.535,2325,-9242.208,-30930.723,-48281.535,0,,,,0,,,,10703,3820.971,,10774,0,,,
2020-06-21,821691,109272,1445995,376320,159207,557526,172555.11,213639.66,254724.21,41084.55,69843.735,98602.92,9024.4,-163530.71,-204615.26,-245699.81,1085,-39999.55,-68758.735,-97517.92,11174.9976,32128.1181,48890.6145,2325,-8849.9976,-29803.1181,-46565.6145,0,,,,0,,,,10703,3820.971,,10409,0,,,
2020-06-22,793701,102475,1406254,378937,159487,562280,166677.21,206362.26,246047.31,39685.05,67464.585,95244.12,9024.4,-157652.81,-197337.86,-237022.91,1085,-38600.05,-66379.585,-94159.12,10794.3336,31033.7091,47225.2095,2325,-8469.3336,-28708.7091,-44900.2095,0,,,,0,,,,10703,3820.971,,10054,0,,,
2020-06-23,766547,96100,1367365,381464,159750,566792,160974.87,199302.22,237629.57,38327.35,65156.495,91985.64,9024.4,-151950.47,-190277.82,-228605.17,1085,-37242.35,-64071.495,-90900.64,10425.0392,29971.9877,45609.5465,2325,-8100.0392,-27646.9877,-43284.5465,0,,,,0,,,,10703,3820.971,,9710,0,,,
2020-06-24,740213,90114,1329327,383904,159995,570935,155444.73,192455.38,229466.03,37010.65,62918.105,88825.56,9024.4,-146420.33,-183430.98,-220441.63,1085,-35925.65,-61833.105,-87740.56,10066.8968,28942.3283,44042.6735,2325,-7741.8968,-26617.3283,-41717.6735,0,,,,0,,,,10703,3820.971,,9377,0,,,
2020-06-25,714682,84494,1292138,386261,160224,574933,150083.22,185817.32,221551.42,35734.1,60747.97,85761.84,9024.4,-141058.82,-176792.92,-212527.02,1085,-34649.1,-59662.97,-84676.84,9719.6752,27944.0662,42523.579,2325,-7394.6752,-25619.0662,-40198.579,0,,,,0,,,,10703,3820.971,,9053,0,,,
2020-06-26,689939,79218,1255788,388535,160438,578873,144887.19,179384.14,213881.09,34496.95,58644.815,82792.68,9024.4,-135862.79,-170359.74,-204856.69,1085,-33411.95,-57559.815,-81707.68,9383.1704,26976.6149,41051.3705,2325,-7058.1704,-24651.6149,-38726.3705,0,,,,0,,,,10703,3820.971,,8740,0,,,
2020-06-27,665966,74267,1220273,390730,160639,583013,139852.86,173151.16,206449.46,33298.3,56607.11,79915.92,9024.4,-130828.46,-164126.76,-197425.06,1085,-32213.3,-55522.11,-78830.92,9057.1376,26039.2706,39624.977,2325,-6732.1376,-23714.2706,-37299.977,0,,,,0,,,,10703,3820.971,,8436,0,,,
2020-06-28,642746,69619,1185593,392848,160826,586864,134976.66,167113.96,199251.26,32137.3,54633.41,77129.52,9024.4,-125952.26,-158089.56,-190226.86,1085,-31052.3,-53548.41,-76044.52,8741.3456,25131.3686,38243.387,2325,-6416.3456,-22806.3686,-35918.387,0,,,,0,,,,10703,3820.971,,8142,0,,,
2020-06-29,620263,65259,1151738,394892,161001,590421,130255.23,161268.38,192281.53,31013.15,52722.355,74431.56,9024.4,-121230.83,-152243.98,-183257.13,1085,-29928.15,-51637.355,-73346.56,8435.5768,24252.2833,36905.6485,2325,-6110.5768,-21927.2833,-34580.6485,0,,,,0,,,,10703,3820.971,,7857,0,,,
2020-06-30,598497,61168,1118700,396865,161164,593860,125684.37,155609.22,185534.07,29924.85,50872.245,71819.64,9024.4,-116659.97,-146584.82,-176509.67,1085,-28839.85,-49787.245,-70734.64,8139.5592,23401.2327,35610.5715,2325,-5814.5592,-21076.2327,-33285.5715,0,,,,0,,,,10703,3820.971,,7581,0,,,
2020-07-01,577433,57330,1086470,398767,161317,597184,121260.93,150132.58,179004.23,28871.65,49081.805,69291.96,9024.4,-112236.53,-141108.18,-169979.83,1085,-27786.65,-47996.805,-68206.96,7853.0888,22577.6303,34357.2635,2325,-5528.0888,-20252.6303,-32032.2635,0,,,,0,,,,10703,3820.971,,7315,0,,,
2020-07-02,557052,53691,1055038,400602,161459,600397,116980.92,144833.52,172686.12,27852.6,47349.42,66846.24,9024.4,-107956.52,-135809.12,-163661.72,1085,-26767.6,-46264.42,-65761.24,7575.9072,21780.7332,33144.594,2325,-5250.9072,-19455.7332,-30819.594,0,,,,0,,,,10703,3820.971,,7056,0,,,
2020-07-03,537336,50097,1024393,402373,161593,603500,112840.56,139707.36,166574.16,26866.8,45673.56,64480.32,9024.4,-103816.16,-130682.96,-157549.76,1085,-25781.8,-44588.56,-63395.32,7307.7696,21009.8376,31971.492,2325,-4982.7696,-18684.8376,-29646.492,0,,,,0,,,,10703,3820.971,,6807,0,,,
2020-07-04,518269,46740,994523,404080,161717,606499,108836.49,134749.94,160663.39,25913.45,44052.865,62192.28,9024.4,-99812.09,-125725.54,-151638.99,1085,-24828.45,-42967.865,-61107.28,7048.4584,20264.3179,30837.0055,2325,-4723.4584,-17939.3179,-28512.0055,0,,,,0,,,,10703,3820.971,,6565,0,,,
2020-07-05,499832,43603,965417,405726,161833,609396,104964.72,129956.32,154947.92,24991.6,42485.72,59979.84,9024.4,-95940.32,-120931.92,-145923.52,1085,-23906.6,-41400.72,-58894.84,6797.7152,19543.4312,29740.004,2325,-4472.7152,-17218.4312,-27415.004,0,,,,0,,,,10703,3820.971,,6332,0,,,
2020-07-06,482009,40674,937063,407313,161942,612194,101221.89,125322.34,149422.79,24100.45,40970.765,57841.08,9024.4,-92197.49,-116297.94,-140398.39,1085,-23015.45,-39885.765,-56756.08,6555.3224,18846.5519,28679.5355,2325,-4230.3224,-16521.5519,-26354.5355,0,,,,0,,,,10703,3820.971,,6106,0,,,
2020-07-07,464782,37938,909447,408844,162043,614896,97604.22,120843.32,144082.42,23239.1,39506.47,55773.84,9024.4,-88579.82,-111818.92,-135058.02,1085,-22154.1,-38421.47,-54688.84,6321.0352,18172.9762,27654.529,2325,-3996.0352,-15847.9762,-25329.529,0,,,,0,,,,10703,3820.971,,5888,0,,,
2020-07-08,448135,35384,882557,410319,162138,617506,94108.35,116515.1,138921.85,22406.75,38091.475,53776.2,9024.4,-85083.95,-107490.7,-129897.45,1085,-21321.75,-37006.475,-52691.2,6094.636,17522.0785,26664.0325,2325,-3769.636,-15197.0785,-24339.0325,0,,,,0,,,,10703,3820.971,,5677,0,,,
2020-07-09,432051,32999,856380,411741,162226,620025,90730.71,112333.26,133935.81,21602.55,36724.335,51846.12,9024.4,-81706.31,-103308.86,-124911.41,1085,-20517.55,-35639.335,-50761.12,5875.8936,16893.1941,25707.0345,2325,-3550.8936,-14568.1941,-23382.0345,0,,,,0,,,,10703,3820.971,,5473,0,,,
2020-07-10,416513,30773,830903,413112,162309,622458,87467.73,108293.38,129119.03,20825.65,35403.605,49981.56,9024.4,-78443.33,-99268.98,-120094.63,1085,-19740.65,-34318.605,-48896.56,5664.5768,16285.6583,24782.5235,2325,-3339.5768,-13960.6583,-22457.5235,0,,,,0,,,,10703,3820.971,,5276,0,,,
2020-07-11,401505,28696,806111,414434,162386,624806,84316.05,104391.3,124466.55,20075.25,34127.925,48180.6,9024.4,-75291.65,-95366.9,-115442.15,1085,-18990.25,-33042.925,-47095.6,5460.468,15698.8455,23889.5475,2325,-3135.468,-13373.8455,-21564.5475,0,,,,0,,,,10703,3820.971,,5086,0,,,
2020-07-12,387012,26756,781991,415707,162458,627072,81272.52,100623.12,119973.72,19350.6,32896.02,46441.44,9024.4,-72248.12,-91598.72,-110949.32,1085,-18265.6,-31811.02,-45356.44,5263.3632,15132.1692,23027.214,2325,-2938.3632,-12807.1692,-20702.214,0,,,,0,,,,10703,3820.971,,4903,0,,,
2020-07-13,373018,25027,758530,416935,162525,629260,78333.78,96984.68,115635.58,18650.9,31706.53,44762.16,9024.4,-69309.38,-87960.28,-106611.18,1085,-17565.9,-30621.53,-43677.16,5073.0448,14585.0038,22194.571,2325,-2748.0448,-12260.0038,-19869.571,0,,,,0,,,,10703,3820.971,,4725,0,,,
2020-07-14,359508,23410,735713,418117,162588,631371,75496.68,93472.08,111447.48,17975.4,30558.18,43140.96,9024.4,-66472.28,-84447.68,-102423.08,1085,-16890.4,-29473.18,-42055.96,4889.3088,14056.7628,21390.726,2325,-2564.3088,-11731.7628,-19065.726,0,,,,0,,,,10703,3820.971,,4554,0,,,
2020-07-15,346466,21896,713527,419257,162646,633501,72757.86,90081.16,107404.46,17323.3,29449.61,41575.92,9024.4,-63733.46,-81056.76,-98380.06,1085,-16238.3,-28364.61,-40490.92,4711.9376,13546.8206,20614.727,2325,-2386.9376,-11221.8206,-18289.727,0,,,,0,,,,10703,3820.971,,4389,0,,,
2020-07-16,333878,20479,691958,420355,162701,635572,70114.38,86808.28,103502.18,16693.9,28379.63,40065.36,9024.4,-61089.98,-77783.88,-94477.78,1085,-15608.9,-27294.63,-38980.36,4540.7408,13054.6298,19865.741,2325,-2215.7408,-10729.6298,-17540.741,0,,,,0,,,,10703,3820.971,,4230,0,,,
2020-07-17,321731,19154,670992,421413,162752,637569,67563.51,83650.06,99736.61,16086.55,27347.135,38607.72,9024.4,-58539.11,-74625.66,-90712.21,1085,-15001.55,-26262.135,-37522.72,4375.5416,12579.6821,19142.9945,2325,-2050.5416,-10254.6821,-16817.9945,0,,,,0,,,,10703,3820.971,,4076,0,,,
2020-07-18,310009,17916,650615,422432,162800,639494,65101.89,80602.34,96102.79,15500.45,26350.765,37201.08,9024.4,-56077.49,-71577.94,-87078.39,1085,-14415.45,-25265.765,-36116.08,4216.1224,12121.3519,18445.5355,2325,-1891.1224,-9796.3519,-16120.5355,0,,,,0,,,,10703,3820.971,,3927,0,,,
2020-07-19,298699,16757,630815,423414,162844,641350,62726.79,77661.74,92596.69,14934.95,25389.415,35843.88,9024.4,-53702.39,-68637.34,-83572.29,1085,-13849.95,-24304.415,-34758.88,4062.3064,11679.1309,17772.5905,2325,-1737.3064,-9354.1309,-15447.5905,0,,,,0,,,,10703,3820.971,,3784,0,,,
2020-07-20,287788,15673,611577,424360,162886,643138,60435.48,74824.88,89214.28,14389.4,24461.98,34534.56,9024.4,-51411.08,-65800.48,-80189.88,1085,-13304.4,-23376.98,-33449.56,3913.9168,11252.5108,17123.386,2325,-1588.9168,-8927.5108,-14798.386,0,,,,0,,,,10703,3820.971,,3646,0,,,
2020-07-21,277264,14658,592888,425272,162924,644857,58225.44,72088.64,85951.84,13863.2,23567.44,33271.68,9024.4,-49201.04,-63064.24,-76927.44,1085,-12778.2,-22482.44,-32186.68,3770.7904,10841.0224,16497.208,2325,-1445.7904,-8516.0224,-14172.208,0,,,,0,,,,10703,3820.971,,3513,0,,,
2020-07-22,267112,13709,574735,426149,162961,646514,56093.52,69449.12,82804.72,13355.6,22704.52,32053.44,9024.4,-47069.12,-60424.72,-73780.32,1085,-12270.6,-21619.52,-30968.44,3632.7232,10444.0792,15893.164,2325,-1307.7232,-8119.0792,-13568.164,0,,,,0,,,,10703,3820.971,,3384,0,,,
2020-07-23,257322,12821,557105,426995,162994,648112,54037.62,66903.72,79769.82,12866.1,21872.37,30878.64,9024.4,-45013.22,-57879.32,-70745.42,1085,-11781.1,-20787.37,-29793.64,3499.5792,10061.2902,15310.659,2325,-1174.5792,-7736.2902,-12985.659,0,,,,0,,,,10703,3820.971,,3260,0,,,
2020-07-24,247880,11991,539985,427809,163026,649651,52054.8,64448.8,76842.8,12394,21069.8,29745.6,9024.4,-43030.4,-55424.4,-67818.4,1085,-11309,-19984.8,-28660.6,3371.168,9692.108,14748.86,2325,-1046.168,-7367.108,-12423.86,0,,,,0,,,,10703,3820.971,,3140,0,,,
2020-07-25,238777,11214,523361,428593,163055,651135,50143.17,62082.02,74020.87,11938.85,20296.045,28653.24,9024.4,-41118.77,-53057.62,-64996.47,1085,-10853.85,-19211.045,-27568.24,3247.3672,9336.1807,14207.2315,2325,-922.3672,-7011.1807,-11882.2315,0,,,,0,,,,10703,3820.971,,3025,0,,,
2020-07-26,229999,10487,507222,429348,163083,652565,48299.79,59799.74,71299.69,11499.95,19549.915,27599.88,9024.4,-39275.39,-50775.34,-62275.29,1085,-10414.95,-18464.915,-26514.88,3127.9864,8992.9609,13684.9405,2325,-802.9864,-6667.9609,-11359.9405,0,,,,0,,,,10703,3820.971,,2914,0,,,
2020-07-27,221536,9790,491556,430076,163108,653942,46522.56,57599.36,68676.16,11076.8,18830.56,26584.32,9024.4,-37498.16,-48574.96,-59651.76,1085,-9991.8,-17745.56,-25499.32,3012.8896,8662.0576,13181.392,2325,-687.8896,-6337.0576,-10856.392,0,,,,0,,,,10703,3820.971,,2807,0,,,
2020-07-28,213378,9138,476349,430776,163132,655269,44809.38,55478.28,66147.18,10668.9,18137.13,25605.36,9024.4,-35784.98,-46453.88,-57122.78,1085,-9583.9,-17052.13,-24520.36,2901.9408,8343.0798,12695.991,2325,-576.9408,-6018.0798,-10370.991,0,,,,0,,,,10703,3820.971,,2703,0,,,
2020-07-29,205514,8555,461590,431451,163155,656548,43157.94,53433.64,63709.34,10275.7,17468.69,24661.68,9024.4,-34133.54,-44409.24,-54684.94,1085,-9190.7,-16383.69,-23576.68,2794.9904,8035.5974,12228.083,2325,-469.9904,-5710.5974,-9903.083,0,,,,0,,,,10703,3820.971,,2604,0,,,
2020-07-30,197935,8009,447268,432100,163176,657780,41566.35,51463.1,61359.85,9896.75,16824.475,23752.2,9024.4,-32541.95,-42438.7,-52335.45,1085,-8811.75,-15739.475,-22667.2,2691.916,7739.2585,11777.1325,2325,-366.916,-5414.2585,-9452.1325,0,,,,0,,,,10703,3820.971,,2508,0,,,
2020-07-31,190629,7497,433370,432726,163195,658966,40032.09,49563.54,59094.99,9531.45,16203.465,22875.48,9024.4,-31007.69,-40539.14,-50070.59,1085,-8446.45,-15118.465,-21790.48,2592.5544,7453.5939,11342.4255,2325,-267.5544,-5128.5939,-9017.4255,0,,,,0,,,,10703,3820.971,,2415,0,,,
2020-08-01,183588,7010,419885,433328,163213,660109,38553.48,47732.88,56912.28,9179.4,15604.98,22030.56,9024.4,-29529.08,-38708.48,-47887.88,1085,-8094.4,-14519.98,-20945.56,2496.7968,7178.2908,10923.486,2325,-171.7968,-4853.2908,-8598.486,0,,,,0,,,,10703,3820.971,,2326,0,,,
2020-08-02,176803,6555,406803,433908,163231,661209,37128.63,45968.78,54808.93,8840.15,15028.255,21216.36,9024.4,-28104.23,-36944.38,-45784.53,1085,-7755.15,-13943.255,-20131.36,2404.5208,6912.9973,10519.7785,2325,-79.5208,-4587.9973,-8194.7785,0,,,,0,,,,10703,3820.971,,2240,0,,,
2020-08-03,170265,6129,394112,434466,163247,662269,35755.65,44268.9,52782.15,8513.25,14472.525,20431.8,9024.4,-26731.25,-35244.5,-43757.75,1085,-7428.25,-13387.525,-19346.8,2315.604,6657.3615,10130.7675,2325,9.396,-4332.3615,-7805.7675,0,,,,0,,,,10703,3820.971,,2157,0,,,
2020-08-04,163965,5731,381802,435004,163261,663290,34432.65,42630.9,50829.15,8198.25,13937.025,19675.8,9024.4,-25408.25,-33606.5,-41804.75,1085,-7113.25,-12852.025,-18590.8,2229.924,6411.0315,9755.9175,2325,95.076,-4086.0315,-7430.9175,0,,,,0,,,,10703,3820.971,,2077,0,,,
2020-08-05,157894,5358,369862,435521,163275,664273,33157.74,41052.44,48947.14,7894.7,13420.99,18947.28,9024.4,-24133.34,-32028.04,-39922.74,1085,-6809.7,-12335.99,-17862.28,2147.3584,6173.6554,9394.693,2325,177.6416,-3848.6554,-7069.693,0,,,,0,,,,10703,3820.971,,2000,0,,,
2020-08-06,152046,5010,358282,436020,163288,665219,31929.66,39531.96,47134.26,7602.3,12923.91,18245.52,9024.4,-22905.26,-30507.56,-38109.86,1085,-6517.3,-11838.91,-17160.52,2067.8256,5944.9986,9046.737,2325,257.1744,-3619.9986,-6721.737,0,,,,0,,,,10703,3820.971,,1926,0,,,
2020-08-07,146411,4684,347051,436499,163300,666130,30746.31,38066.86,45387.41,7320.55,12444.935,17569.32,9024.4,-21721.91,-29042.46,-36363.01,1085,-6235.55,-11359.935,-16484.32,1991.1896,5724.6701,8711.4545,2325,333.8104,-3399.6701,-6386.4545,0,,,,0,,,,10703,3820.971,,1855,0,,,
2020-08-08,140983,4380,336161,436961,163312,667008,29606.43,36655.58,43704.73,7049.15,11983.555,16917.96,9024.4,-20582.03,-27631.18,-34680.33,1085,-5964.15,-10898.555,-15832.96,1917.3688,5512.4353,8388.4885,2325,407.6312,-3187.4353,-6063.4885,0,,,,0,,,,10703,3820.971,,1786,0,,,
2020-08-09,135754,4095,325602,437406,163322,667852,28508.34,35296.04,42083.74,6787.7,11539.09,16290.48,9024.4,-19483.94,-26271.64,-33059.34,1085,-5702.7,-10454.09,-15205.48,1846.2544,5307.9814,8077.363,2325,478.7456,-2982.9814,-5752.363,0,,,,0,,,,10703,3820.971,,1720,0,,,
2020-08-10,130717,3829,315364,437834,163332,668665,27450.57,33986.42,40522.27,6535.85,11110.945,15686.04,9024.4,-18426.17,-24962.02,-31497.87,1085,-5450.85,-10025.945,-14601.04,1777.7512,5111.0347,7777.6615,2325,547.2488,-2786.0347,-5452.6615,0,,,,0,,,,10703,3820.971,,1656,0,,,
2020-08-11,125865,3580,305438,438246,163341,669448,26431.65,32724.9,39018.15,6293.25,10698.525,15103.8,9024.4,-17407.25,-23700.5,-29993.75,1085,-5208.25,-9613.525,-14018.8,1711.764,4921.3215,7488.9675,2325,613.236,-2596.3215,-5163.9675,0,,,,0,,,,10703,3820.971,,1595,0,,,
2020-08-12,121191,3348,295815,438643,163350,670201,25450.11,31509.66,37569.21,6059.55,10301.235,14542.92,9024.4,-16425.71,-22485.26,-28544.81,1085,-4974.55,-9216.235,-13457.92,1648.1976,4738.5681,7210.8645,2325,676.8024,-2413.5681,-4885.8645,0,,,,0,,,,10703,3820.971,,1536,0,,,
2020-08-13,116690,3133,286487,439025,163358,670926,24504.9,30339.4,36173.9,5834.5,9918.65,14002.8,9024.4,-15480.5,-21315,-27149.5,1085,-4749.5,-8833.65,-12917.8,1586.984,4562.579,6943.055,2325,738.016,-2237.579,-4618.055,0,,,,0,,,,10703,3820.971,,1479,0,,,
2020-08-14,112354,2931,277445,439392,163365,671624,23594.34,29212.04,34829.74,5617.7,9550.09,13482.48,9024.4,-14569.94,-20187.64,-25805.34,1085,-4532.7,-8465.09,-12397.48,1528.0144,4393.0414,6685.063,2325,796.9856,-2068.0414,-4360.063,0,,,,0,,,,10703,3820.971,,1424,0,,,
2020-08-15,108179,2743,268681,439746,163372,672296,22717.59,28126.54,33535.49,5408.95,9195.215,12981.48,9024.4,-13693.19,-19102.14,-24511.09,1085,-4323.95,-8110.215,-11896.48,1471.2344,4229.7989,6436.6505,2325,853.7656,-1904.7989,-4111.6505,0,,,,0,,,,10703,3820.971,,1371,0,,,
2020-08-16,104158,2567,260187,440087,163379,672942,21873.18,27081.08,32288.98,5207.9,8853.43,12498.96,9024.4,-12848.78,-18056.68,-23264.58,1085,-4122.9,-7768.43,-11413.96,1416.5488,4072.5778,6197.401,2325,908.4512,-1747.5778,-3872.401,0,,,,0,,,,10703,3820.971,,1320,0,,,
2020-08-17,100285,2402,251954,440415,163385,673564,21059.85,26074.1,31088.35,5014.25,8524.225,12034.2,9024.4,-12035.45,-17049.7,-22063.95,1085,-3929.25,-7439.225,-10949.2,1363.876,3921.1435,5966.9575,2325,961.124,-1596.1435,-3641.9575,0,,,,0,,,,10703,3820.971,,1271,0,,,
2020-08-18,96556,2244,243976,440731,163391,674162,20276.76,25104.56,29932.36,4827.8,8207.26,11586.72,9024.4,-11252.36,-16080.16,-20907.96,1085,-3742.8,-7122.26,-10501.72,1313.1616,3775.3396,5745.082,2325,1011.8384,-1450.3396,-3420.082,0,,,,0,,,,10703,3820.971,,1224,0,,,
2020-08-19,92965,2094,236244,441035,163396,674853,19522.65,24170.9,28819.15,4648.25,7902.025,11155.8,9024.4,-10498.25,-15146.5,-19794.75,1085,-3563.25,-6817.025,-10070.8,1264.324,3634.9315,5531.4175,2325,1060.676,-1309.9315,-3206.4175,0,,,,0,,,,10703,3820.971,,1178,0,,,
2020-08-20,89506,1953,228752,441327,163401,675532,18796.26,23271.56,27746.86,4475.3,7608.01,10740.72,9024.4,-9771.86,-14247.16,-18722.46,1085,-3390.3,-6523.01,-9655.72,1217.2816,3499.6846,5325.607,2325,1107.7184,-1174.6846,-3000.607,0,,,,0,,,,10703,3820.971,,1134,0,,,
2020-08-21,86176,1826,221493,441609,163405,676187,18096.96,22405.76,26714.56,4308.8,7324.96,10341.12,9024.4,-9072.56,-13381.36,-17690.16,1085,-3223.8,-6239.96,-9256.12,1171.9936,3369.4816,5127.472,2325,1153.0064,-1044.4816,-2802.472,0,,,,0,,,,10703,3820.971,,1092,0,,,
2020-08-22,82970,1707,214459,441880,163410,676820,17423.7,21572.2,25720.7,4148.5,7052.45,9956.4,9024.4,-8399.3,-12547.8,-16696.3,1085,-3063.5,-5967.45,-8871.4,1128.392,3244.127,4936.715,2325,1196.608,-919.127,-2611.715,0,,,,0,,,,10703,3820.971,,1051,0,,,
2020-08-23,79882,1596,207643,442141,163414,677430,16775.22,20769.32,24763.42,3994.1,6789.97,9585.84,9024.4,-7750.82,-11744.92,-15739.02,1085,-2909.1,-5704.97,-8500.84,1086.3952,3123.3862,4752.979,2325,1238.6048,-798.3862,-2427.979,0,,,,0,,,,10703,3820.971,,1012,0,,,
2020-08-24,76909,1492,201041,442392,163417,678019,16150.89,19996.34,23841.79,3845.45,6537.265,9229.08,9024.4,-7126.49,-10971.94,-14817.39,1085,-2760.45,-5452.265,-8144.08,1045.9624,3007.1419,4576.0855,2325,1279.0376,-682.1419,-2251.0855,0,,,,0,,,,10703,3820.971,,975,0,,,
2020-08-25,74047,1394,194644,442634,163421,678588,15549.87,19252.22,22954.57,3702.35,6293.995,8885.64,9024.4,-6525.47,-10227.82,-13930.17,1085,-2617.35,-5208.995,-7800.64,1007.0392,2895.2377,4405.7965,2325,1317.9608,-570.2377,-2080.7965,0,,,,0,,,,10703,3820.971,,938,0,,,
2020-08-26,71291,1303,188446,442866,163424,679136,14971.11,18535.66,22100.21,3564.55,6059.735,8554.92,9024.4,-5946.71,-9511.26,-13075.81,1085,-2479.55,-4974.735,-7469.92,969.5576,2787.4781,4241.8145,2325,1355.4424,-462.4781,-1916.8145,0,,,,0,,,,10703,3820.971,,904,0,,,
2020-08-27,68638,1218,182443,443090,163427,679665,14413.98,17845.88,21277.78,3431.9,5834.23,8236.56,9024.4,-5389.58,-8821.48,-12253.38,1085,-2346.9,-4749.23,-7151.56,933.4768,2683.7458,4083.961,2325,1391.5232,-358.7458,-1758.961,0,,,,0,,,,10703,3820.971,,870,0,,,
2020-08-28,66083,1139,176628,443306,163430,680176,13877.43,17181.58,20485.73,3304.15,5617.055,7929.96,9024.4,-4853.03,-8157.18,-11461.33,1085,-2219.15,-4532.055,-6844.96,898.7288,2583.8453,3931.9385,2325,1426.2712,-258.8453,-1606.9385,0,,,,0,,,,10703,3820.971,,838,0,,,
2020-08-29,63623,1065,170994,443513,163433,680669,13360.83,16541.98,19723.13,3181.15,5407.955,7634.76,9024.4,-4336.43,-7517.58,-10698.73,1085,-2096.15,-4322.955,-6549.76,865.2728,2487.6593,3785.5685,2325,1459.7272,-162.6593,-1460.5685,0,,,,0,,,,10703,3820.971,,806,0,,,
2020-08-30,61255,995,165538,443713,163435,681144,12863.55,15926.3,18989.05,3062.75,5206.675,7350.6,9024.4,-3839.15,-6901.9,-9964.65,1085,-1977.75,-4121.675,-6265.6,833.068,2395.0705,3644.6725,2325,1491.932,-70.0705,-1319.6725,0,,,,0,,,,10703,3820.971,,776,0,,,
2020-08-31,58975,930,160253,443905,163437,681603,12384.75,15333.5,18282.25,2948.75,5012.875,7077,9024.4,-3360.35,-6309.1,-9257.85,1085,-1863.75,-3927.875,-5992,802.06,2305.9225,3509.0125,2325,1522.94,19.0775,-1184.0125,0,,,,0,,,,10703,3820.971,,748,0,,,
2020-09-01,56780,870,155134,444090,163440,682046,11923.8,14762.8,17601.8,2839,4826.3,6813.6,9024.4,-2899.4,-5738.4,-8577.4,1085,-1754,-3741.3,-5728.6,772.208,2220.098,3378.41,2325,1552.792,104.902,-1053.41,0,,,,0,,,,10703,3820.971,,720,0,,,
2020-09-02,54667,813,150176,444269,163442,682473,11480.07,14213.42,16946.77,2733.35,4646.695,6560.04,9024.4,-2455.67,-5189.02,-7922.37,1085,-1648.35,-3561.695,-5475.04,743.4712,2137.4797,3252.6865,2325,1581.5288,187.5203,-927.6865,0,,,,0,,,,10703,3820.971,,693,0,,,
2020-09-03,52633,760,145375,444440,163444,682852,11052.93,13684.58,16316.23,2631.65,4473.805,6315.96,9024.4,-2028.53,-4660.18,-7291.83,1085,-1546.65,-3388.805,-5230.96,715.8088,2057.9503,3131.6635,2325,1609.1912,267.0497,-806.6635,0,,,,0,,,,10703,3820.971,,667,0,,,
2020-09-04,50675,710,140725,444605,163445,683126,10641.75,13175.5,15709.25,2533.75,4307.375,6081,9024.4,-1617.35,-4151.1,-6684.85,1085,-1448.75,-3222.375,-4996,689.18,1981.3925,3015.1625,2325,1635.82,343.6075,-690.1625,0,,,,0,,,,10703,3820.971,,642,0,,,
2020-09-05,48789,664,136221,444764,163447,683390,10245.69,12685.14,15124.59,2439.45,4147.065,5854.68,9024.4,-1221.29,-3660.74,-6100.19,1085,-1354.45,-3062.065,-4769.68,663.5304,1907.6499,2902.9455,2325,1661.4696,417.3501,-577.9455,0,,,,0,,,,10703,3820.971,,618,0,,,
2020-09-06,46974,621,131860,444917,163448,683643,9864.54,12213.24,14561.94,2348.7,3992.79,5636.88,9024.4,-840.14,-3188.84,-5537.54,1085,-1263.7,-2907.79,-4551.88,638.8464,1836.6834,2794.953,2325,1686.1536,488.3166,-469.953,0,,,,0,,,,10703,3820.971,,596,0,,,
2020-09-07,45227,580,127636,445064,163450,683887,9497.67,11759.02,14020.37,2261.35,3844.295,5427.24,9024.4,-473.27,-2734.62,-4995.97,1085,-1176.35,-2759.295,-4342.24,615.0872,1768.3757,2691.0065,2325,1709.9128,556.6243,-366.0065,0,,,,0,,,,10703,3820.971,,573,0,,,
2020-09-08,43545,542,123547,445206,163451,684120,9144.45,11321.7,13498.95,2177.25,3701.325,5225.4,9024.4,-120.05,-2297.3,-4474.55,1085,-1092.25,-2616.325,-4140.4,592.212,1702.6095,2590.9275,2325,1732.788,622.3905,-265.9275,0,,,,0,,,,10703,3820.971,,552,0,,,
2020-09-09,41926,507,119587,445342,163452,684345,8804.46,10900.76,12997.06,2096.3,3563.71,5031.12,9024.4,219.94,-1876.36,-3972.66,1085,-1011.3,-2478.71,-3946.12,570.1936,1639.3066,2494.597,2325,1754.8064,685.6934,-169.597,0,,,,0,,,,10703,3820.971,,532,0,,,
2020-09-10,40367,474,115752,445474,163454,684561,8477.07,10495.42,12513.77,2018.35,3431.195,4844.04,9024.4,547.33,-1471.02,-3489.37,1085,-933.35,-2346.195,-3759.04,548.9912,1578.3497,2401.8365,2325,1776.0088,746.6503,-76.8365,0,,,,0,,,,10703,3820.971,,512,0,,,
2020-09-11,38866,443,112039,445600,163455,684768,8161.86,10105.16,12048.46,1943.3,3303.61,4663.92,9024.4,862.54,-1080.76,-3024.06,1085,-858.3,-2218.61,-3578.92,528.5776,1519.6606,2312.527,2325,1796.4224,805.3394,12.473,0,,,,0,,,,10703,3820.971,,493,0,,,
2020-09-12,37421,414,108443,445722,163456,684968,7858.41,9729.46,11600.51,1871.05,3180.785,4490.52,9024.4,1165.99,-705.06,-2576.11,1085,-786.05,-2095.785,-3405.52,508.9256,1463.1611,2226.5495,2325,1816.0744,861.8389,98.4505,0,,,,0,,,,10703,3820.971,,474,0,,,
2020-09-13,36031,387,104962,445839,163457,685159,7566.51,9368.06,11169.61,1801.55,3062.635,4323.72,9024.4,1457.89,-343.66,-2145.21,1085,-716.55,-1977.635,-3238.72,490.0216,1408.8121,2143.8445,2325,1834.9784,916.1879,181.1555,0,,,,0,,,,10703,3820.971,,457,0,,,
2020-09-14,34692,362,101592,445951,163457,685343,7285.32,9019.92,10754.52,1734.6,2948.82,4163.04,9024.4,1739.08,4.48,-1730.12,1085,-649.6,-1863.82,-3078.04,471.8112,1356.4572,2064.174,2325,1853.1888,968.5428,260.826,0,,,,0,,,,10703,3820.971,,440,0,,,
2020-09-15,33403,338,98328,446060,163458,685520,7014.63,8684.78,10354.93,1670.15,2839.255,4008.36,9024.4,2009.77,339.62,-1330.53,1085,-585.15,-1754.255,-2923.36,454.2808,1306.0573,1987.4785,2325,1870.7192,1018.9427,337.5215,0,,,,0,,,,10703,3820.971,,424,0,,,
2020-09-16,32163,316,95169,446164,163459,685690,6754.23,8362.38,9970.53,1608.15,2733.855,3859.56,9024.4,2270.17,662.02,-946.13,1085,-523.15,-1648.855,-2774.56,437.4168,1257.5733,1913.6985,2325,1887.5832,1067.4267,411.3015,0,,,,0,,,,10703,3820.971,,408,0,,,
2020-09-17,30969,295,92110,446265,163460,685853,6503.49,8051.94,9600.39,1548.45,2632.365,3716.28,9024.4,2520.91,972.46,-575.99,1085,-463.45,-1547.365,-2631.28,421.1784,1210.8879,1842.6555,2325,1903.8216,1114.1121,482.3445,0,,,,0,,,,10703,3820.971,,393,0,,,
2020-09-18,29819,276,89148,446362,163460,686009,6261.99,7752.94,9243.89,1490.95,2534.615,3578.28,9024.4,2762.41,1271.46,-219.49,1085,-405.95,-1449.615,-2493.28,405.5384,1165.9229,1774.2305,2325,1919.4616,1159.0771,550.7695,0,,,,0,,,,10703,3820.971,,378,0,,,
2020-09-19,28712,258,86281,446455,163461,686160,6029.52,7465.12,8900.72,1435.6,2440.52,3445.44,9024.4,2994.88,1559.28,123.68,1085,-350.6,-1355.52,-2360.44,390.4832,1122.6392,1708.364,2325,1934.5168,1202.3608,616.636,0,,,,0,,,,10703,3820.971,,364,0,,,
2020-09-20,27647,241,83506,446545,163462,686304,5805.87,7188.22,8570.57,1382.35,2349.995,3317.64,9024.4,3218.53,1836.18,453.83,1085,-297.35,-1264.995,-2232.64,375.9992,1080.9977,1644.9965,2325,1949.0008,1244.0023,680.0035,0,,,,0,,,,10703,3820.971,,351,0,,,
2020-09-21,26621,226,80819,446631,163462,686443,5590.41,6921.46,8252.51,1331.05,2262.785,3194.52,9024.4,3433.99,2102.94,771.89,1085,-246.05,-1177.785,-2109.52,362.0456,1040.8811,1583.9495,2325,1962.9544,1284.1189,741.0505,0,,,,0,,,,10703,3820.971,,338,0,,,
2020-09-22,25634,211,78217,446714,163463,686576,5383.14,6664.84,7946.54,1281.7,2178.89,3076.08,9024.4,3641.26,2359.56,1077.86,1085,-196.7,-1093.89,-1991.08,348.6224,1002.2894,1525.223,2325,1976.3776,1322.7106,799.777,0,,,,0,,,,10703,3820.971,,325,0,,,
2020-09-23,24684,197,75699,446794,163463,686705,5183.64,6417.84,7652.04,1234.2,2098.14,2962.08,9024.4,3840.76,2606.56,1372.36,1085,-149.2,-1013.14,-1877.08,335.7024,965.1444,1468.698,2325,1989.2976,1359.8556,856.302,0,,,,0,,,,10703,3820.971,,313,0,,,
2020-09-24,23769,184,73261,446871,163464,686828,4991.49,6179.94,7368.39,1188.45,2020.365,2852.28,9024.4,4032.91,2844.46,1656.01,1085,-103.45,-935.365,-1767.28,323.2584,929.3679,1414.2555,2325,2001.7416,1395.6321,910.7445,0,,,,0,,,,10703,3820.971,,302,0,,,
2020-09-25,22888,172,70901,446945,163464,686946,4806.48,5950.88,7095.28,1144.4,1945.48,2746.56,9024.4,4217.92,3073.52,1929.12,1085,-59.4,-860.48,-1661.56,311.2768,894.9208,1361.836,2325,2013.7232,1430.0792,963.164,0,,,,0,,,,10703,3820.971,,290,0,,,
2020-09-26,22040,160,68617,447017,163464,687059,4628.4,5730.4,6832.4,1102,1873.4,2644.8,9024.4,4396,3294,2192,1085,-17,-788.4,-1559.8,299.744,861.764,1311.38,2325,2025.256,1463.236,1013.62,0,,,,0,,,,10703,3820.971,,280,0,,,
2020-09-27,21224,150,66406,447085,163465,687168,4457.04,5518.24,6579.44,1061.2,1804.04,2546.88,9024.4,4567.36,3506.16,2444.96,1085,23.8,-719.04,-1461.88,288.6464,829.8584,1262.828,2325,2036.3536,1495.1416,1062.172,0,,,,0,,,,10703,3820.971,,269,0,,,
2020-09-28,20438,140,64265,447152,163465,687273,4291.98,5313.88,6335.78,1021.9,1737.23,2452.56,9024.4,4732.42,3710.52,2688.62,1085,63.1,-652.23,-1367.56,277.9568,799.1258,1216.061,2325,2047.0432,1525.8742,1108.939,0,,,,0,,,,10703,3820.971,,259,0,,,
2020-09-29,19681,130,62194,447215,163465,687374,4133.01,5117.06,6101.11,984.05,1672.885,2361.72,9024.4,4891.39,3907.34,2923.29,1085,100.95,-587.885,-1276.72,267.6616,769.5271,1171.0195,2325,2057.3384,1555.4729,1153.9805,0,,,,0,,,,10703,3820.971,,250,0,,,
2020-09-30,18953,121,60188,447277,163466,687470,3980.13,4927.78,5875.43,947.65,1611.005,2274.36,9024.4,5044.27,4096.62,3148.97,1085,137.35,-526.005,-1189.36,257.7608,741.0623,1127.7035,2325,2067.2392,1583.9377,1197.2965,0,,,,0,,,,10703,3820.971,,241,0,,,
2020-10-01,18252,113,58247,447336,163466,687563,3832.92,4745.52,5658.12,912.6,1551.42,2190.24,9024.4,5191.48,4278.88,3366.28,1085,172.4,-466.42,-1105.24,248.2272,713.6532,1085.994,2325,2076.7728,1611.3468,1239.006,0,,,,0,,,,10703,3820.971,,232,0,,,
2020-10-02,17577,106,56368,447393,163466,687652,3691.17,4570.02,5448.87,878.85,1494.045,2109.24,9024.4,5333.23,4454.38,3575.53,1085,206.15,-409.045,-1024.24,239.0472,687.2607,1045.8315,2325,2085.9528,1637.7393,1279.1685,0,,,,0,,,,10703,3820.971,,223,0,,,
2020-10-03,16927,99,54549,447447,163466,687769,3554.67,4401.02,5247.37,846.35,1438.795,2031.24,9024.4,5469.73,4623.38,3777.03,1085,238.65,-353.795,-946.24,230.2072,661.8457,1007.1565,2325,2094.7928,1663.1543,1317.8435,0,,,,0,,,,10703,3820.971,,215,0,,,
2020-10-04,16302,92,52789,447500,163467,687904,3423.42,4238.52,5053.62,815.1,1385.67,1956.24,9024.4,5600.98,4785.88,3970.78,1085,269.9,-300.67,-871.24,221.7072,637.4082,969.969,2325,2103.2928,1687.5918,1355.031,0,,,,0,,,,10703,3820.971,,207,0,,,
2020-10-05,15700,86,51085,447551,163467,688035,3297,4082,4867,785,1334.5,1884,9024.4,5727.4,4942.4,4157.4,1085,300,-249.5,-799,213.52,613.87,934.15,2325,2111.48,1711.13,1390.85,0,,,,0,,,,10703,3820.971,,199,0,,,
2020-10-06,15120,80,49436,447599,163467,688161,3175.2,3931.2,4687.2,756,1285.2,1814.4,9024.4,5849.2,5093.2,4337.2,1085,329,-200.2,-729.4,205.632,591.192,899.64,2325,2119.368,1733.808,1425.36,0,,,,0,,,,10703,3820.971,,192,0,,,
2020-10-07,14562,75,47840,447647,163467,688283,3058.02,3786.12,4514.22,728.1,1237.77,1747.44,9024.4,5966.38,5238.28,4510.18,1085,356.9,-152.77,-662.44,198.0432,569.3742,866.439,2325,2126.9568,1755.6258,1458.561,0,,,,0,,,,10703,3820.971,,185,0,,,
2020-10-08,14024,70,46295,447692,163467,688400,2945.04,3646.24,4347.44,701.2,1192.04,1682.88,9024.4,6079.36,5378.16,4676.96,1085,383.8,-107.04,-597.88,190.7264,548.3384,834.428,2325,2134.2736,1776.6616,1490.572,0,,,,0,,,,10703,3820.971,,178,0,,,
2020-10-09,13507,65,44800,447735,163467,688513,2836.47,3511.82,4187.17,675.35,1148.095,1620.84,9024.4,6187.93,5512.58,4837.23,1085,409.65,-63.095,-535.84,183.6952,528.1237,803.6665,2325,2141.3048,1796.8763,1521.3335,0,,,,0,,,,10703,3820.971,,172,0,,,
2020-10-10,13009,61,43353,447777,163468,688622,2731.89,3382.34,4032.79,650.45,1105.765,1561.08,9024.4,6292.51,5642.06,4991.61,1085,434.55,-20.765,-476.08,176.9224,508.6519,774.0355,2325,2148.0776,1816.3481,1550.9645,0,,,,0,,,,10703,3820.971,,165,0,,,
2020-10-11,12529,57,41952,447818,163468,688727,2631.09,3257.54,3883.99,626.45,1064.965,1503.48,9024.4,6393.31,5766.86,5140.41,1085,458.55,20.035,-418.48,170.3944,489.8839,745.4755,2325,2154.6056,1835.1161,1579.5245,0,,,,0,,,,10703,3820.971,,159,0,,,
2020-10-12,12068,53,40596,447857,163468,688828,2534.28,3137.68,3741.08,603.4,1025.78,1448.16,9024.4,6490.12,5886.72,5283.32,1085,481.6,59.22,-363.16,164.1248,471.8588,718.046,2325,2160.8752,1853.1412,1606.954,0,,,,0,,,,10703,3820.971,,153,0,,,
2020-10-13,11623,49,39284,447894,163468,688926,2440.83,3021.98,3603.13,581.15,987.955,1394.76,9024.4,6583.57,6002.42,5421.27,1085,503.85,97.045,-309.76,158.0728,454.4593,691.5685,2325,2166.9272,1870.5407,1633.4315,0,,,,0,,,,10703,3820.971,,148,0,,,
2020-10-14,11195,46,38015,447930,163468,689020,2350.95,2910.7,3470.45,559.75,951.575,1343.4,9024.4,6673.45,6113.7,5553.95,1085,525.25,133.425,-258.4,152.252,437.7245,666.1025,2325,2172.748,1887.2755,1658.8975,0,,,,0,,,,10703,3820.971,,142,0,,,
2020-10-15,10783,43,36786,447965,163468,689111,2264.43,2803.58,3342.73,539.15,916.555,1293.96,9024.4,6759.97,6220.82,5681.67,1085,545.85,168.445,-208.96,146.6488,421.6153,641.5885,2325,2178.3512,1903.3847,1683.4115,0,,,,0,,,,10703,3820.971,,137,0,,,
2020-10-16,10386,40,35596,447998,163468,689198,2181.06,2700.36,3219.66,519.3,882.81,1246.32,9024.4,6843.34,6324.04,5804.74,1085,565.7,202.19,-161.32,141.2496,406.0926,617.967,2325,2183.7504,1918.9074,1707.033,0,,,,0,,,,10703,3820.971,,132,0,,,
2020-10-17,10004,37,34445,448031,163468,689282,2100.84,2601.04,3101.24,500.2,850.34,1200.48,9024.4,6923.56,6423.36,5923.16,1085,584.8,234.66,-115.48,136.0544,391.1564,595.238,2325,2188.9456,1933.8436,1729.762,0,,,,0,,,,10703,3820.971,,127,0,,,
2020-10-18,9636,35,33331,448062,163468,689364,2023.56,2505.36,2987.16,481.8,819.06,1156.32,9024.4,7000.84,6519.04,6037.24,1085,603.2,265.94,-71.32,131.0496,376.7676,573.342,2325,2193.9504,1948.2324,1751.658,0,,,,0,,,,10703,3820.971,,123,0,,,
2020-10-19,9282,33,32253,448092,163469,689442,1949.22,2413.32,2877.42,464.1,788.97,1113.84,9024.4,7075.18,6611.08,6146.98,1085,620.9,296.03,-28.84,126.2352,362.9262,552.279,2325,2198.7648,1962.0738,1772.721,0,,,,0,,,,10703,3820.971,,118,0,,,
2020-10-20,8941,30,31210,448120,163469,689517,1877.61,2324.66,2771.71,447.05,759.985,1072.92,9024.4,7146.79,6699.74,6252.69,1085,637.95,325.015,12.08,121.5976,349.5931,531.9895,2325,2203.4024,1975.4069,1793.0105,0,,,,0,,,,10703,3820.971,,114,0,,,
2020-10-21,8613,28,30200,448148,163469,689590,1808.73,2239.38,2670.03,430.65,732.105,1033.56,9024.4,7215.67,6785.02,6354.37,1085,654.35,352.895,51.44,117.1368,336.7683,512.4735,2325,2207.8632,1988.2317,1812.5265,0,,,,0,,,,10703,3820.971,,110,0,,,
2020-10-22,8296,26,29223,448175,163469,689660,1742.16,2156.96,2571.76,414.8,705.16,995.52,9024.4,7282.24,6867.44,6452.64,1085,670.2,379.84,89.48,112.8256,324.3736,493.612,2325,2212.1744,2000.6264,1831.388,0,,,,0,,,,10703,3820.971,,106,0,,,
2020-10-23,7992,25,28277,448200,163469,689728,1678.32,2077.92,2477.52,399.6,679.32,959.04,9024.4,7346.08,6946.48,6546.88,1085,685.4,405.68,125.96,108.6912,312.4872,475.524,2325,2216.3088,2012.5128,1849.476,0,,,,0,,,,10703,3820.971,,102,0,,,
2020-10-24,7699,23,27362,448225,163469,689793,1616.79,2001.74,2386.69,384.95,654.415,923.88,9024.4,7407.61,7022.66,6637.71,1085,700.05,430.585,161.12,104.7064,301.0309,458.0905,2325,2220.2936,2023.9691,1866.9095,0,,,,0,,,,10703,3820.971,,98,0,,,
2020-10-25,7417,22,26477,448249,163469,689856,1557.57,1928.42,2299.27,370.85,630.445,890.04,9024.4,7466.83,7095.98,6725.13,1085,714.15,454.555,194.96,100.8712,290.0047,441.3115,2325,2224.1288,2034.9953,1883.6885,0,,,,0,,,,10703,3820.971,,94,0,,,
2020-10-26,7145,20,25620,448272,163469,689916,1500.45,1857.7,2214.95,357.25,607.325,857.4,9024.4,7523.95,7166.7,6809.45,1085,727.75,477.675,227.6,97.172,279.3695,425.1275,2325,2227.828,2045.6305,1899.8725,0,,,,0,,,,10703,3820.971,,91,0,,,
2020-10-27,6883,19,24790,448294,163469,689974,1445.43,1789.58,2133.73,344.15,585.055,825.96,9024.4,7578.97,7234.82,6890.67,1085,740.85,499.945,259.04,93.6088,269.1253,409.5385,2325,2231.3912,2055.8747,1915.4615,0,,,,0,,,,10703,3820.971,,88,0,,,
2020-10-28,6631,17,23988,448315,163469,690031,1392.51,1724.06,2055.61,331.55,563.635,795.72,9024.4,7631.89,7300.34,6968.79,1085,753.45,521.365,289.28,90.1816,259.2721,394.5445,2325,2234.8184,2065.7279,1930.4555,0,,,,0,,,,10703,3820.971,,84,0,,,
2020-10-29,6388,16,23211,448336,163469,690085,1341.48,1660.88,1980.28,319.4,542.98,766.56,9024.4,7682.92,7363.52,7044.12,1085,765.6,542.02,318.44,86.8768,249.7708,380.086,2325,2238.1232,2075.2292,1944.914,0,,,,0,,,,10703,3820.971,,81,0,,,
2020-10-30,6154,15,22460,448356,163469,690137,1292.34,1600.04,1907.74,307.7,523.09,738.48,9024.4,7732.06,7424.36,7116.66,1085,777.3,561.91,346.52,83.6944,240.6214,366.163,2325,2241.3056,2084.3786,1958.837,0,,,,0,,,,10703,3820.971,,78,0,,,
2020-10-31,5929,14,21732,448375,163469,690187,1245.09,1541.54,1837.99,296.45,503.965,711.48,9024.4,7779.31,7482.86,7186.41,1085,788.55,581.035,373.52,80.6344,231.8239,352.7755,2325,2244.3656,2093.1761,1972.2245,0,,,,0,,,,10703,3820.971,,76,0,,,
2020-11-01,5712,13,21028,448393,163469,690236,1199.52,1485.12,1770.72,285.6,485.52,685.44,9024.4,7824.88,7539.28,7253.68,1085,799.4,599.48,399.56,77.6832,223.3392,339.864,2325,2247.3168,2101.6608,1985.136,0,,,,0,,,,10703,3820.971,,73,0,,,
2020-11-02,5504,12,20347,448411,163469,690282,1155.84,1431.04,1706.24,275.2,467.84,660.48,9024.4,7868.56,7593.36,7318.16,1085,809.8,617.16,424.52,74.8544,215.2064,327.488,2325,2250.1456,2109.7936,1997.512,0,,,,0,,,,10703,3820.971,,70,0,,,
2020-11-03,5303,12,19688,448428,163469,690328,1113.63,1378.78,1643.93,265.15,450.755,636.36,9024.4,7910.77,7645.62,7380.47,1085,819.85,634.245,448.64,72.1208,207.3473,315.5285,2325,2252.8792,2117.6527,2009.4715,0,,,,0,,,,10703,3820.971,,68,0,,,
2020-11-04,5109,11,19051,448444,163469,690371,1072.89,1328.34,1583.79,255.45,434.265,613.08,9024.4,7951.51,7696.06,7440.61,1085,829.55,650.735,471.92,69.4824,199.7619,303.9855,2325,2255.5176,2125.2381,2021.0145,0,,,,0,,,,10703,3820.971,,65,0,,,
2020-11-05,4922,10,18434,448460,163469,690413,1033.62,1279.72,1525.82,246.1,418.37,590.64,9024.4,7990.78,7744.68,7498.58,1085,838.9,666.63,494.36,66.9392,192.4502,292.859,2325,2258.0608,2132.5498,2032.141,0,,,,0,,,,10703,3820.971,,63,0,,,
2020-11-06,4743,9,17840,448475,163469,690453,996.03,1233.18,1470.33,237.15,403.155,569.16,9024.4,8028.37,7791.22,7554.07,1085,847.85,681.845,515.84,64.5048,185.4513,282.2085,2325,2260.4952,2139.5487,2042.7915,0,,,,0,,,,10703,3820.971,,61,0,,,
2020-11-07,4570,9,17266,448489,163469,690492,959.7,1188.2,1416.7,228.5,388.45,548.4,9024.4,8064.7,7836.2,7607.7,1085,856.5,696.55,536.6,62.152,178.687,271.915,2325,2262.848,2146.313,2053.085,0,,,,0,,,,10703,3820.971,,58,0,,,
2020-11-08,4403,8,16709,448504,163469,690529,924.63,1144.78,1364.93,220.15,374.255,528.36,9024.4,8099.77,7879.62,7659.47,1085,864.85,710.745,556.64,59.8808,172.1573,261.9785,2325,2265.1192,2152.8427,2063.0215,0,,,,0,,,,10703,3820.971,,56,0,,,
2020-11-09,4243,8,16171,448517,163469,690565,891.03,1103.18,1315.33,212.15,360.655,509.16,9024.4,8133.37,7921.22,7709.07,1085,872.85,724.345,575.84,57.7048,165.9013,252.4585,2325,2267.2952,2159.0987,2072.5415,0,,,,0,,,,10703,3820.971,,54,0,,,
2020-11-10,4088,7,15650,448530,163469,690600,858.48,1062.88,1267.28,204.4,347.48,490.56,9024.4,8165.92,7961.52,7757.12,1085,880.6,737.52,594.44,55.5968,159.8408,243.236,2325,2269.4032,2165.1592,2081.764,0,,,,0,,,,10703,3820.971,,52,0,,,
2020-11-11,3939,7,15145,448543,163469,690634,827.19,1024.14,1221.09,196.95,334.815,472.68,9024.4,8197.21,8000.26,7803.31,1085,888.05,750.185,612.32,53.5704,154.0149,234.3705,2325,2271.4296,2170.9851,2090.6295,0,,,,0,,,,10703,3820.971,,50,0,,,
2020-11-12,3796,6,14657,448555,163469,690666,797.16,986.96,1176.76,189.8,322.66,455.52,9024.4,8227.24,8037.44,7847.64,1085,895.2,762.34,629.48,51.6256,148.4236,225.862,2325,2273.3744,2176.5764,2099.138,0,,,,0,,,,10703,3820.971,,49,0,,,
2020-11-13,3658,6,14185,448567,163469,690697,768.18,951.08,1133.98,182.9,310.93,438.96,9024.4,8256.22,8073.32,7890.42,1085,902.1,774.07,646.04,49.7488,143.0278,217.651,2325,2275.2512,2181.9722,2107.349,0,,,,0,,,,10703,3820.971,,47,0,,,
2020-11-14,3525,6,13728,448578,163469,690727,740.25,916.5,1092.75,176.25,299.625,423,9024.4,8284.15,8107.9,7931.65,1085,908.75,785.375,662,47.94,137.8275,209.7375,2325,2277.06,2187.1725,2115.2625,0,,,,0,,,,10703,3820.971,,45,0,,,
2020-11-15,3397,5,13285,448589,163469,690756,713.37,883.22,1053.07,169.85,288.745,407.64,9024.4,8311.03,8141.18,7971.33,1085,915.15,796.255,677.36,46.1992,132.8227,202.1215,2325,2278.8008,2192.1773,2122.8785,0,,,,0,,,,10703,3820.971,,44,0,,,
2020-11-16,3273,5,12857,448599,163469,690784,687.33,850.98,1014.63,163.65,278.205,392.76,9024.4,8337.07,8173.42,8009.77,1085,921.35,806.795,692.24,44.5128,127.9743,194.7435,2325,2280.4872,2197.0257,2130.2565,0,,,,0,,,,10703,3820.971,,42,0,,,
2020-11-17,3154,5,12443,448609,163469,690811,662.34,820.04,977.74,157.7,268.09,378.48,9024.4,8362.06,8204.36,8046.66,1085,927.3,816.91,706.52,42.8944,123.3214,187.663,2325,2282.1056,2201.6786,2137.337,0,,,,0,,,,10703,3820.971,,40,0,,,
2020-11-18,3040,4,12042,448619,163469,690837,638.4,790.4,942.4,152,258.4,364.8,9024.4,8386,8234,8082,1085,933,826.6,720.2,41.344,118.864,180.88,2325,2283.656,2206.136,2144.12,0,,,,0,,,,10703,3820.971,,39,0,,,
2020-11-19,2930,4,11653,448628,163470,690862,615.3,761.8,908.3,146.5,249.05,351.6,9024.4,8409.1,8262.6,8116.1,1085,938.5,835.95,733.4,39.848,114.563,174.335,2325,2285.152,2210.437,2150.665,0,,,,0,,,,10703,3820.971,,38,0,,,
2020-11-20,2823,4,11278,448637,163470,690886,592.83,733.98,875.13,141.15,239.955,338.76,9024.4,8431.57,8290.42,8149.27,1085,943.85,845.045,746.24,38.3928,110.3793,167.9685,2325,2286.6072,2214.6207,2157.0315,0,,,,0,,,,10703,3820.971,,36,0,,,
2020-11-21,2721,3,10914,448646,163470,690909,571.41,707.46,843.51,136.05,231.285,326.52,9024.4,8452.99,8316.94,8180.89,1085,948.95,853.715,758.48,37.0056,106.3911,161.8995,2325,2287.9944,2218.6089,2163.1005,0,,,,0,,,,10703,3820.971,,35,0,,,
2020-11-22,2622,3,10562,448654,163470,690931,550.62,681.72,812.82,131.1,222.87,314.64,9024.4,8473.78,8342.68,8211.58,1085,953.9,862.13,770.36,35.6592,102.5202,156.009,2325,2289.3408,2222.4798,2168.991,0,,,,0,,,,10703,3820.971,,34,0,,,
2020-11-23,2527,3,10222,448662,163470,690953,530.67,657.02,783.37,126.35,214.795,303.24,9024.4,8493.73,8367.38,8241.03,1085,958.65,870.205,781.76,34.3672,98.8057,150.3565,2325,2290.6328,2226.1943,2174.6435,0,,,,0,,,,10703,3820.971,,33,0,,,
2020-11-24,2436,3,9892,448670,163470,690973,511.56,633.36,755.16,121.8,207.06,292.32,9024.4,8512.84,8391.04,8269.24,1085,963.2,877.94,792.68,33.1296,95.2476,144.942,2325,2291.8704,2229.7524,2180.058,0,,,,0,,,,10703,3820.971,,31,0,,,
2020-11-25,2348,3,9573,448678,163470,690993,493.08,610.48,727.88,117.4,199.58,281.76,9024.4,8531.32,8413.92,8296.52,1085,967.6,885.42,803.24,31.9328,91.8068,139.706,2325,2293.0672,2233.1932,2185.294,0,,,,0,,,,10703,3820.971,,30,0,,,
2020-11-26,2263,2,9265,448685,163470,691013,475.23,588.38,701.53,113.15,192.355,271.56,9024.4,8549.17,8436.02,8322.87,1085,971.85,892.645,813.44,30.7768,88.4833,134.6485,2325,2294.2232,2236.5167,2190.3515,0,,,,0,,,,10703,3820.971,,29,0,,,
2020-11-27,2181,2,8966,448692,163470,691031,458.01,567.06,676.11,109.05,185.385,261.72,9024.4,8566.39,8457.34,8348.29,1085,975.95,899.615,823.28,29.6616,85.2771,129.7695,2325,2295.3384,2239.7229,2195.2305,0,,,,0,,,,10703,3820.971,,28,0,,,
2020-11-28,2102,2,8677,448698,163470,691049,441.42,546.52,651.62,105.1,178.67,252.24,9024.4,8582.98,8477.88,8372.78,1085,979.9,906.33,832.76,28.5872,82.1882,125.069,2325,2296.4128,2242.8118,2199.931,0,,,,0,,,,10703,3820.971,,27,0,,,
2020-11-29,2026,2,8397,448705,163470,691066,425.46,526.76,628.06,101.3,172.21,243.12,9024.4,8598.94,8497.64,8396.34,1085,983.7,912.79,841.88,27.5536,79.2166,120.547,2325,2297.4464,2245.7834,2204.453,0,,,,0,,,,10703,3820.971,,26,0,,,
2020-11-30,1953,2,8126,448711,163470,691083,410.13,507.78,605.43,97.65,166.005,234.36,9024.4,8614.27,8516.62,8418.97,1085,987.35,918.995,850.64,26.5608,76.3623,116.2035,2325,2298.4392,2248.6377,2208.7965,0,,,,0,,,,10703,3820.971,,25,0,,,
2020-12-01,1883,2,7864,448717,163470,691099,395.43,489.58,583.73,94.15,160.055,225.96,9024.4,8628.97,8534.82,8440.67,1085,990.85,924.945,859.04,25.6088,73.6253,112.0385,2325,2299.3912,2251.3747,2212.9615,0,,,,0,,,,10703,3820.971,,24,0,,,
2020-12-02,1815,2,7611,448723,163470,691114,381.15,471.9,562.65,90.75,154.275,217.8,9024.4,8643.25,8552.5,8461.75,1085,994.25,930.725,867.2,24.684,70.9665,107.9925,2325,2300.316,2254.0335,2217.0075,0,,,,0,,,,10703,3820.971,,23,0,,,
2020-12-03,1749,2,7365,448728,163470,691129,367.29,454.74,542.19,87.45,148.665,209.88,9024.4,8657.11,8569.66,8482.21,1085,997.55,936.335,875.12,23.7864,68.3859,104.0655,2325,2301.2136,2256.6141,2220.9345,0,,,,0,,,,10703,3820.971,,23,0,,,
2020-12-04,1686,1,7128,448734,163470,691143,354.06,438.36,522.66,84.3,143.31,202.32,9024.4,8670.34,8586.04,8501.74,1085,1000.7,941.69,882.68,22.9296,65.9226,100.317,2325,2302.0704,2259.0774,2224.683,0,,,,0,,,,10703,3820.971,,22,0,,,
2020-12-05,1625,1,6898,448739,163470,691157,341.25,422.5,503.75,81.25,138.125,195,9024.4,8683.15,8601.9,8520.65,1085,1003.75,946.875,890,22.1,63.5375,96.6875,2325,2302.9,2261.4625,2228.3125,0,,,,0,,,,10703,3820.971,,21,0,,,
2020-12-06,1567,1,6675,448744,163470,691170,329.07,407.42,485.77,78.35,133.195,188.04,9024.4,8695.33,8616.98,8538.63,1085,1006.65,951.805,896.96,21.3112,61.2697,93.2365,2325,2303.6888,2263.7303,2231.7635,0,,,,0,,,,10703,3820.971,,20,0,,,
2020-12-07,1510,1,6460,448749,163470,691183,317.1,392.6,468.1,75.5,128.35,181.2,9024.4,8707.3,8631.8,8556.3,1085,1009.5,956.65,903.8,20.536,59.041,89.845,2325,2304.464,2265.959,2235.155,0,,,,0,,,,10703,3820.971,,20,0,,,
2020-12-08,1456,1,6252,448753,163470,691196,305.76,378.56,451.36,72.8,123.76,174.72,9024.4,8718.64,8645.84,8573.04,1085,1012.2,961.24,910.28,19.8016,56.9296,86.632,2325,2305.1984,2268.0704,2238.368,0,,,,0,,,,10703,3820.971,,19,0,,,
2020-12-09,1404,1,6050,448758,163470,691208,294.84,365.04,435.24,70.2,119.34,168.48,9024.4,8729.56,8659.36,8589.16,1085,1014.8,965.66,916.52,19.0944,54.8964,83.538,2325,2305.9056,2270.1036,2241.462,0,,,,0,,,,10703,3820.971,,18,0,,,
2020-12-10,1353,1,5855,448762,163470,691219,284.13,351.78,419.43,67.65,115.005,162.36,9024.4,8740.27,8672.62,8604.97,1085,1017.35,969.995,922.64,18.4008,52.9023,80.5035,2325,2306.5992,2272.0977,2244.4965,0,,,,0,,,,10703,3820.971,,18,0,,,
2020-12-11,1305,1,5666,448766,163470,691230,274.05,339.3,404.55,65.25,110.925,156.6,9024.4,8750.35,8685.1,8619.85,1085,1019.75,974.075,928.4,17.748,51.0255,77.6475,2325,2307.252,2273.9745,2247.3525,0,,,,0,,,,10703,3820.971,,17,0,,,
2020-12-12,1258,1,5483,448770,163470,691241,264.18,327.08,389.98,62.9,106.93,150.96,9024.4,8760.22,8697.32,8634.42,1085,1022.1,978.07,934.04,17.1088,49.1878,74.851,2325,2307.8912,2275.8122,2250.149,0,,,,0,,,,10703,3820.971,,16,0,,,
2020-12-13,1213,1,5306,448774,163470,691251,254.73,315.38,376.03,60.65,103.105,145.56,9024.4,8769.67,8709.02,8648.37,1085,1024.35,981.895,939.44,16.4968,47.4283,72.1735,2325,2308.5032,2277.5717,2252.8265,0,,,,0,,,,10703,3820.971,,16,0,,,
2020-12-14,1169,1,5135,448778,163470,691261,245.49,303.94,362.39,58.45,99.365,140.28,9024.4,8778.91,8720.46,8662.01,1085,1026.55,985.635,944.72,15.8984,45.7079,69.5555,2325,2309.1016,2279.2921,2255.4445,0,,,,0,,,,10703,3820.971,,15,0,,,
2020-12-15,1127,1,4970,448781,163470,691270,236.67,293.02,349.37,56.35,95.795,135.24,9024.4,8787.73,8731.38,8675.03,1085,1028.65,989.205,949.76,15.3272,44.0657,67.0565,2325,2309.6728,2280.9343,2257.9435,0,,,,0,,,,10703,3820.971,,15,0,,,
2020-12-16,1087,1,4809,448785,163470,691279,228.27,282.62,336.97,54.35,92.395,130.44,9024.4,8796.13,8741.78,8687.43,1085,1030.65,992.605,954.56,14.7832,42.5017,64.6765,2325,2310.2168,2282.4983,2260.3235,0,,,,0,,,,10703,3820.971,,14,0,,,
2020-12-17,1048,1,4654,448788,163470,691288,220.08,272.48,324.88,52.4,89.08,125.76,9024.4,8804.32,8751.92,8699.52,1085,1032.6,995.92,959.24,14.2528,40.9768,62.356,2325,2310.7472,2284.0232,2262.644,0,,,,0,,,,10703,3820.971,,14,0,,,
2020-12-18,1010,1,4504,448791,163470,691297,212.1,262.6,313.1,50.5,85.85,121.2,9024.4,8812.3,8761.8,8711.3,1085,1034.5,999.15,963.8,13.736,39.491,60.095,2325,2311.264,2285.509,2264.905,0,,,,0,,,,10703,3820.971,,13,0,,,
2020-12-19,974,1,4359,448794,163470,691305,204.54,253.24,301.94,48.7,82.79,116.88,9024.4,8819.86,8771.16,8722.46,1085,1036.3,1002.21,968.12,13.2464,38.0834,57.953,2325,2311.7536,2286.9166,2267.047,0,,,,0,,,,10703,3820.971,,13,0,,,
2020-12-20,939,0,4218,448797,163470,691313,197.19,244.14,291.09,46.95,79.815,112.68,9024.4,8827.21,8780.26,8733.31,1085,1038.05,1005.185,972.32,12.7704,36.7149,55.8705,2325,2312.2296,2288.2851,2269.1295,0,,,,0,,,,10703,3820.971,,12,0,,,
2020-12-21,906,0,4082,448800,163470,691321,190.26,235.56,280.86,45.3,77.01,108.72,9024.4,8834.14,8788.84,8743.54,1085,1039.7,1007.99,976.28,12.3216,35.4246,53.907,2325,2312.6784,2289.5754,2271.093,0,,,,0,,,,10703,3820.971,,12,0,,,
2020-12-22,873,0,3950,448803,163470,691328,183.33,226.98,270.63,43.65,74.205,104.76,9024.4,8841.07,8797.42,8753.77,1085,1041.35,1010.795,980.24,11.8728,34.1343,51.9435,2325,2313.1272,2290.8657,2273.0565,0,,,,0,,,,10703,3820.971,,12,0,,,
2020-12-23,842,0,3823,448805,163470,691335,176.82,218.92,261.02,42.1,71.57,101.04,9024.4,8847.58,8805.48,8763.38,1085,1042.9,1013.43,983.96,11.4512,32.9222,50.099,2325,2313.5488,2292.0778,2274.901,0,,,,0,,,,10703,3820.971,,11,0,,,
2020-12-24,812,0,3700,448808,163470,691342,170.52,211.12,251.72,40.6,69.02,97.44,9024.4,8853.88,8813.28,8772.68,1085,1044.4,1015.98,987.56,11.0432,31.7492,48.314,2325,2313.9568,2293.2508,2276.686,0,,,,0,,,,10703,3820.971,,11,0,,,
2020-12-25,783,0,3580,448810,163470,691348,164.43,203.58,242.73,39.15,66.555,93.96,9024.4,8859.97,8820.82,8781.67,1085,1045.85,1018.445,991.04,10.6488,30.6153,46.5885,2325,2314.3512,2294.3847,2278.4115,0,,,,0,,,,10703,3820.971,,10,0,,,
2020-12-26,755,0,3465,448813,163470,691355,158.55,196.3,234.05,37.75,64.175,90.6,9024.4,8865.85,8828.1,8790.35,1085,1047.25,1020.825,994.4,10.268,29.5205,44.9225,2325,2314.732,2295.4795,2280.0775,0,,,,0,,,,10703,3820.971,,10,0,,,
2020-12-27,728,0,3353,448815,163470,691361,152.88,189.28,225.68,36.4,61.88,87.36,9024.4,8871.52,8835.12,8798.72,1085,1048.6,1023.12,997.64,9.9008,28.4648,43.316,2325,2315.0992,2296.5352,2281.684,0,,,,0,,,,10703,3820.971,,10,0,,,
2020-12-28,702,0,3245,448817,163470,691367,147.42,182.52,217.62,35.1,59.67,84.24,9024.4,8876.98,8841.88,8806.78,1085,1049.9,1025.33,1000.76,9.5472,27.4482,41.769,2325,2315.4528,2297.5518,2283.231,0,,,,0,,,,10703,3820.971,,9,0,,,
2020-12-29,677,0,3140,448819,163470,691372,142.17,176.02,209.87,33.85,57.545,81.24,9024.4,8882.23,8848.38,8814.53,1085,1051.15,1027.455,1003.76,9.2072,26.4707,40.2815,2325,2315.7928,2298.5293,2284.7185,0,,,,0,,,,10703,3820.971,,9,0,,,
2020-12-30,653,0,3039,448821,163470,691378,137.13,169.78,202.43,32.65,55.505,78.36,9024.4,8887.27,8854.62,8821.97,1085,1052.35,1029.495,1006.64,8.8808,25.5323,38.8535,2325,2316.1192,2299.4677,2286.1465,0,,,,0,,,,10703,3820.971,,9,0,,,
2020-12-31,630,0,2941,448823,163470,691383,132.3,163.8,195.3,31.5,53.55,75.6,9024.4,8892.1,8860.6,8829.1,1085,1053.5,1031.45,1009.4,8.568,24.633,37.485,2325,2316.432,2300.367,2287.515,0,,,,0,,,,10703,3820.971,,8,0,,,
2021-01-01,607,0,2846,448825,163470,691388,127.47,157.82,188.17,30.35,51.595,72.84,9024.4,8896.93,8866.58,8836.23,1085,1054.65,1033.405,1012.16,8.2552,23.7337,36.1165,2325,2316.7448,2301.2663,2288.8835,0,,,,0,,,,10703,3820.971,,8,0,,,
2021-01-02,586,0,2754,448827,163470,691393,123.06,152.36,181.66,29.3,49.81,70.32,9024.4,8901.34,8872.04,8842.74,1085,1055.7,1035.19,1014.68,7.9696,22.9126,34.867,2325,2317.0304,2302.0874,2290.133,0,,,,0,,,,10703,3820.971,,8,0,,,
2021-01-03,565,0,2665,448829,163470,691398,118.65,146.9,175.15,28.25,48.025,67.8,9024.4,8905.75,8877.5,8849.25,1085,1056.75,1036.975,1017.2,7.684,22.0915,33.6175,2325,2317.316,2302.9085,2291.3825,0,,,,0,,,,10703,3820.971,,8,0,,,
2021-01-04,545,0,2579,448831,163470,691402,114.45,141.7,168.95,27.25,46.325,65.4,9024.4,8909.95,8882.7,8855.45,1085,1057.75,1038.675,1019.6,7.412,21.3095,32.4275,2325,2317.588,2303.6905,2292.5725,0,,,,0,,,,10703,3820.971,,7,0,,,
2021-01-05,525,0,2496,448832,163470,691407,110.25,136.5,162.75,26.25,44.625,63,9024.4,8914.15,8887.9,8861.65,1085,1058.75,1040.375,1022,7.14,20.5275,31.2375,2325,2317.86,2304.4725,2293.7625,0,,,,0,,,,10703,3820.971,,7,0,,,
2021-01-06,507,0,2416,448834,163470,691411,106.47,131.82,157.17,25.35,43.095,60.84,9024.4,8917.93,8892.58,8867.23,1085,1059.65,1041.905,1024.16,6.8952,19.8237,30.1665,2325,2318.1048,2305.1763,2294.8335,0,,,,0,,,,10703,3820.971,,7,0,,,
2021-01-07,489,0,2338,448835,163470,691415,102.69,127.14,151.59,24.45,41.565,58.68,9024.4,8921.71,8897.26,8872.81,1085,1060.55,1043.435,1026.32,6.6504,19.1199,29.0955,2325,2318.3496,2305.8801,2295.9045,0,,,,0,,,,10703,3820.971,,7,0,,,
2021-01-08,471,0,2262,448837,163470,691419,98.91,122.46,146.01,23.55,40.035,56.52,9024.4,8925.49,8901.94,8878.39,1085,1061.45,1044.965,1028.48,6.4056,18.4161,28.0245,2325,2318.5944,2306.5839,2296.9755,0,,,,0,,,,10703,3820.971,,6,0,,,
2021-01-09,454,0,2190,448838,163470,691422,95.34,118.04,140.74,22.7,38.59,54.48,9024.4,8929.06,8906.36,8883.66,1085,1062.3,1046.41,1030.52,6.1744,17.7514,27.013,2325,2318.8256,2307.2486,2297.987,0,,,,0,,,,10703,3820.971,,6,0,,,
2021-01-10,438,0,2120,448840,163470,691426,91.98,113.88,135.78,21.9,37.23,52.56,9024.4,8932.42,8910.52,8888.62,1085,1063.1,1047.77,1032.44,5.9568,17.1258,26.061,2325,2319.0432,2307.8742,2298.939,0,,,,0,,,,10703,3820.971,,6,0,,,
2021-01-11,423,0,2052,448841,163470,691430,88.83,109.98,131.13,21.15,35.955,50.76,9024.4,8935.57,8914.42,8893.27,1085,1063.85,1049.045,1034.24,5.7528,16.5393,25.1685,2325,2319.2472,2308.4607,2299.8315,0,,,,0,,,,10703,3820.971,,6,0,,,
2021-01-12,408,0,1987,448842,163470,691433,85.68,106.08,126.48,20.4,34.68,48.96,9024.4,8938.72,8918.32,8897.92,1085,1064.6,1050.32,1036.04,5.5488,15.9528,24.276,2325,2319.4512,2309.0472,2300.724,0,,,,0,,,,10703,3820.971,,6,0,,,
2021-01-13,393,0,1923,448844,163470,691436,82.53,102.18,121.83,19.65,33.405,47.16,9024.4,8941.87,8922.22,8902.57,1085,1065.35,1051.595,1037.84,5.3448,15.3663,23.3835,2325,2319.6552,2309.6337,2301.6165,0,,,,0,,,,10703,3820.971,,5,0,,,
2021-01-14,379,0,1862,448845,163470,691439,79.59,98.54,117.49,18.95,32.215,45.48,9024.4,8944.81,8925.86,8906.91,1085,1066.05,1052.785,1039.52,5.1544,14.8189,22.5505,2325,2319.8456,2310.1811,2302.4495,0,,,,0,,,,10703,3820.971,,5,0,,,
2021-01-15,366,0,1802,448846,163470,691442,76.86,95.16,113.46,18.3,31.11,43.92,9024.4,8947.54,8929.24,8910.94,1085,1066.7,1053.89,1041.08,4.9776,14.3106,21.777,2325,2320.0224,2310.6894,2303.223,0,,,,0,,,,10703,3820.971,,5,0,,,
2021-01-16,353,0,1745,448847,163470,691445,74.13,91.78,109.43,17.65,30.005,42.36,9024.4,8950.27,8932.62,8914.97,1085,1067.35,1054.995,1042.64,4.8008,13.8023,21.0035,2325,2320.1992,2311.1977,2303.9965,0,,,,0,,,,10703,3820.971,,5,0,,,
2021-01-17,341,0,1689,448848,163470,691448,71.61,88.66,105.71,17.05,28.985,40.92,9024.4,8952.79,8935.74,8918.69,1085,1067.95,1056.015,1044.08,4.6376,13.3331,20.2895,2325,2320.3624,2311.6669,2304.7105,0,,,,0,,,,10703,3820.971,,5,0,,,
2021-01-18,329,0,1635,448849,163470,691451,69.09,85.54,101.99,16.45,27.965,39.48,9024.4,8955.31,8938.86,8922.41,1085,1068.55,1057.035,1045.52,4.4744,12.8639,19.5755,2325,2320.5256,2312.1361,2305.4245,0,,,,0,,,,10703,3820.971,,5,0,,,
2021-01-19,317,0,1583,448850,163470,691453,66.57,82.42,98.27,15.85,26.945,38.04,9024.4,8957.83,8941.98,8926.13,1085,1069.15,1058.055,1046.96,4.3112,12.3947,18.8615,2325,2320.6888,2312.6053,2306.1385,0,,,,0,,,,10703,3820.971,,5,0,,,
2021-01-20,306,0,1532,448851,163470,691456,64.26,79.56,94.86,15.3,26.01,36.72,9024.4,8960.14,8944.84,8929.54,1085,1069.7,1058.99,1048.28,4.1616,11.9646,18.207,2325,2320.8384,2313.0354,2306.793,0,,,,0,,,,10703,3820.971,,4,0,,,